ISO-10303-21;
HEADER;
FILE_DESCRIPTION(('FreeCAD Model'),'2;1');
FILE_NAME('Open CASCADE Shape Model','2024-04-16T07:35:02',(''),(''),
  'Open CASCADE STEP processor 7.6','FreeCAD','Unknown');
FILE_SCHEMA(('AUTOMOTIVE_DESIGN { 1 0 10303 214 1 1 1 1 }'));
ENDSEC;
DATA;
#1 = APPLICATION_PROTOCOL_DEFINITION('international standard',
  'automotive_design',2000,#2);
#2 = APPLICATION_CONTEXT(
  'core data for automotive mechanical design processes');
#3 = SHAPE_DEFINITION_REPRESENTATION(#4,#10);
#4 = PRODUCT_DEFINITION_SHAPE('','',#5);
#5 = PRODUCT_DEFINITION('design','',#6,#9);
#6 = PRODUCT_DEFINITION_FORMATION('','',#7);
#7 = PRODUCT('CutBottom','CutBottom','',(#8));
#8 = PRODUCT_CONTEXT('',#2,'mechanical');
#9 = PRODUCT_DEFINITION_CONTEXT('part definition',#2,'design');
#10 = ADVANCED_BREP_SHAPE_REPRESENTATION('',(#11,#15),#3842);
#11 = AXIS2_PLACEMENT_3D('',#12,#13,#14);
#12 = CARTESIAN_POINT('',(0.,0.,0.));
#13 = DIRECTION('',(0.,0.,1.));
#14 = DIRECTION('',(1.,0.,-0.));
#15 = MANIFOLD_SOLID_BREP('',#16);
#16 = CLOSED_SHELL('',(#17,#156,#206,#263,#288,#312,#336,#361,#385,#410,
    #434,#515,#539,#563,#595,#778,#803,#976,#1064,#1105,#1122,#1268,
    #1295,#1319,#1347,#1373,#1390,#1430,#1477,#1502,#1526,#1544,#1561,
    #1578,#1595,#1622,#1646,#1688,#1812,#1837,#1862,#1887,#1912,#1943,
    #1992,#2017,#2058,#2083,#2108,#2133,#2158,#2189,#2213,#2237,#2261,
    #2285,#2309,#2328,#2345,#2370,#2394,#2419,#2491,#2516,#2632,#2657,
    #2712,#2724,#2741,#2758,#2772,#2824,#2836,#2853,#2871,#2890,#2902,
    #2926,#2949,#3005,#3022,#3040,#3088,#3100,#3109,#3129,#3149,#3158,
    #3175,#3192,#3218,#3230,#3261,#3270,#3290,#3310,#3319,#3331,#3363,
    #3388,#3415,#3439,#3464,#3488,#3513,#3530,#3562,#3596,#3614,#3646,
    #3671,#3698,#3730,#3764,#3782,#3798,#3809,#3820,#3831));
#17 = ADVANCED_FACE('',(#18),#151,.F.);
#18 = FACE_BOUND('',#19,.F.);
#19 = EDGE_LOOP('',(#20,#30,#38,#46,#54,#62,#70,#78,#86,#94,#103,#111,
    #120,#128,#136,#145));
#20 = ORIENTED_EDGE('',*,*,#21,.F.);
#21 = EDGE_CURVE('',#22,#24,#26,.T.);
#22 = VERTEX_POINT('',#23);
#23 = CARTESIAN_POINT('',(84.8,-0.7,-6.9));
#24 = VERTEX_POINT('',#25);
#25 = CARTESIAN_POINT('',(84.8,-0.7,1.));
#26 = LINE('',#27,#28);
#27 = CARTESIAN_POINT('',(84.8,-0.7,-4.7));
#28 = VECTOR('',#29,1.);
#29 = DIRECTION('',(0.,0.,1.));
#30 = ORIENTED_EDGE('',*,*,#31,.T.);
#31 = EDGE_CURVE('',#22,#32,#34,.T.);
#32 = VERTEX_POINT('',#33);
#33 = CARTESIAN_POINT('',(-14.5,-0.7,-6.9));
#34 = LINE('',#35,#36);
#35 = CARTESIAN_POINT('',(-17.5,-0.7,-6.9));
#36 = VECTOR('',#37,1.);
#37 = DIRECTION('',(-1.,0.,0.));
#38 = ORIENTED_EDGE('',*,*,#39,.T.);
#39 = EDGE_CURVE('',#32,#40,#42,.T.);
#40 = VERTEX_POINT('',#41);
#41 = CARTESIAN_POINT('',(-14.5,-0.7,1.));
#42 = LINE('',#43,#44);
#43 = CARTESIAN_POINT('',(-14.5,-0.7,-4.7));
#44 = VECTOR('',#45,1.);
#45 = DIRECTION('',(0.,0.,1.));
#46 = ORIENTED_EDGE('',*,*,#47,.T.);
#47 = EDGE_CURVE('',#40,#48,#50,.T.);
#48 = VERTEX_POINT('',#49);
#49 = CARTESIAN_POINT('',(-12.,-0.7,1.));
#50 = LINE('',#51,#52);
#51 = CARTESIAN_POINT('',(-21.25,-0.7,1.));
#52 = VECTOR('',#53,1.);
#53 = DIRECTION('',(1.,0.,0.));
#54 = ORIENTED_EDGE('',*,*,#55,.T.);
#55 = EDGE_CURVE('',#48,#56,#58,.T.);
#56 = VERTEX_POINT('',#57);
#57 = CARTESIAN_POINT('',(-12.,-0.7,0.4));
#58 = LINE('',#59,#60);
#59 = CARTESIAN_POINT('',(-12.,-0.7,-2.15));
#60 = VECTOR('',#61,1.);
#61 = DIRECTION('',(0.,0.,-1.));
#62 = ORIENTED_EDGE('',*,*,#63,.T.);
#63 = EDGE_CURVE('',#56,#64,#66,.T.);
#64 = VERTEX_POINT('',#65);
#65 = CARTESIAN_POINT('',(-7.,-0.7,0.4));
#66 = LINE('',#67,#68);
#67 = CARTESIAN_POINT('',(-14.75,-0.7,0.4));
#68 = VECTOR('',#69,1.);
#69 = DIRECTION('',(1.,0.,0.));
#70 = ORIENTED_EDGE('',*,*,#71,.F.);
#71 = EDGE_CURVE('',#72,#64,#74,.T.);
#72 = VERTEX_POINT('',#73);
#73 = CARTESIAN_POINT('',(-7.,-0.7,1.));
#74 = LINE('',#75,#76);
#75 = CARTESIAN_POINT('',(-7.,-0.7,-2.15));
#76 = VECTOR('',#77,1.);
#77 = DIRECTION('',(0.,0.,-1.));
#78 = ORIENTED_EDGE('',*,*,#79,.T.);
#79 = EDGE_CURVE('',#72,#80,#82,.T.);
#80 = VERTEX_POINT('',#81);
#81 = CARTESIAN_POINT('',(9.8,-0.7,1.));
#82 = LINE('',#83,#84);
#83 = CARTESIAN_POINT('',(-21.25,-0.7,1.));
#84 = VECTOR('',#85,1.);
#85 = DIRECTION('',(1.,0.,0.));
#86 = ORIENTED_EDGE('',*,*,#87,.F.);
#87 = EDGE_CURVE('',#88,#80,#90,.T.);
#88 = VERTEX_POINT('',#89);
#89 = CARTESIAN_POINT('',(9.965685424949,-0.7,0.834314575051));
#90 = LINE('',#91,#92);
#91 = CARTESIAN_POINT('',(4.35,-0.7,6.45));
#92 = VECTOR('',#93,1.);
#93 = DIRECTION('',(-0.707106781187,0.,0.707106781187));
#94 = ORIENTED_EDGE('',*,*,#95,.F.);
#95 = EDGE_CURVE('',#96,#88,#98,.T.);
#96 = VERTEX_POINT('',#97);
#97 = CARTESIAN_POINT('',(10.531370849898,-0.7,0.6));
#98 = CIRCLE('',#99,0.8);
#99 = AXIS2_PLACEMENT_3D('',#100,#101,#102);
#100 = CARTESIAN_POINT('',(10.531370849898,-0.7,1.4));
#101 = DIRECTION('',(0.,1.,0.));
#102 = DIRECTION('',(-0.707106781187,0.,-0.707106781187));
#103 = ORIENTED_EDGE('',*,*,#104,.F.);
#104 = EDGE_CURVE('',#105,#96,#107,.T.);
#105 = VERTEX_POINT('',#106);
#106 = CARTESIAN_POINT('',(16.068629150102,-0.7,0.6));
#107 = LINE('',#108,#109);
#108 = CARTESIAN_POINT('',(-5.E-02,-0.7,0.6));
#109 = VECTOR('',#110,1.);
#110 = DIRECTION('',(-1.,0.,0.));
#111 = ORIENTED_EDGE('',*,*,#112,.F.);
#112 = EDGE_CURVE('',#113,#105,#115,.T.);
#113 = VERTEX_POINT('',#114);
#114 = CARTESIAN_POINT('',(16.634314575051,-0.7,0.834314575051));
#115 = CIRCLE('',#116,0.8);
#116 = AXIS2_PLACEMENT_3D('',#117,#118,#119);
#117 = CARTESIAN_POINT('',(16.068629150102,-0.7,1.4));
#118 = DIRECTION('',(0.,1.,0.));
#119 = DIRECTION('',(0.707106781187,0.,-0.707106781187));
#120 = ORIENTED_EDGE('',*,*,#121,.T.);
#121 = EDGE_CURVE('',#113,#122,#124,.T.);
#122 = VERTEX_POINT('',#123);
#123 = CARTESIAN_POINT('',(16.8,-0.7,1.));
#124 = LINE('',#125,#126);
#125 = CARTESIAN_POINT('',(6.85,-0.7,-8.95));
#126 = VECTOR('',#127,1.);
#127 = DIRECTION('',(0.707106781187,0.,0.707106781187));
#128 = ORIENTED_EDGE('',*,*,#129,.T.);
#129 = EDGE_CURVE('',#122,#130,#132,.T.);
#130 = VERTEX_POINT('',#131);
#131 = CARTESIAN_POINT('',(54.770806661517,-0.7,1.));
#132 = LINE('',#133,#134);
#133 = CARTESIAN_POINT('',(-21.25,-0.7,1.));
#134 = VECTOR('',#135,1.);
#135 = DIRECTION('',(1.,0.,0.));
#136 = ORIENTED_EDGE('',*,*,#137,.F.);
#137 = EDGE_CURVE('',#138,#130,#140,.T.);
#138 = VERTEX_POINT('',#139);
#139 = CARTESIAN_POINT('',(57.869193338483,-0.7,1.));
#140 = CIRCLE('',#141,3.2);
#141 = AXIS2_PLACEMENT_3D('',#142,#143,#144);
#142 = CARTESIAN_POINT('',(56.32,-0.7,3.8));
#143 = DIRECTION('',(0.,1.,-2.22044604925E-16));
#144 = DIRECTION('',(1.,0.,0.));
#145 = ORIENTED_EDGE('',*,*,#146,.T.);
#146 = EDGE_CURVE('',#138,#24,#147,.T.);
#147 = LINE('',#148,#149);
#148 = CARTESIAN_POINT('',(-21.25,-0.7,1.));
#149 = VECTOR('',#150,1.);
#150 = DIRECTION('',(1.,0.,0.));
#151 = PLANE('',#152);
#152 = AXIS2_PLACEMENT_3D('',#153,#154,#155);
#153 = CARTESIAN_POINT('',(-17.5,-0.7,-4.7));
#154 = DIRECTION('',(0.,1.,0.));
#155 = DIRECTION('',(0.,0.,1.));
#156 = ADVANCED_FACE('',(#157),#201,.T.);
#157 = FACE_BOUND('',#158,.F.);
#158 = EDGE_LOOP('',(#159,#169,#176,#177,#186,#194));
#159 = ORIENTED_EDGE('',*,*,#160,.F.);
#160 = EDGE_CURVE('',#161,#163,#165,.T.);
#161 = VERTEX_POINT('',#162);
#162 = CARTESIAN_POINT('',(90.,4.5,-6.9));
#163 = VERTEX_POINT('',#164);
#164 = CARTESIAN_POINT('',(90.,4.5,0.8));
#165 = LINE('',#166,#167);
#166 = CARTESIAN_POINT('',(90.,4.5,-4.7));
#167 = VECTOR('',#168,1.);
#168 = DIRECTION('',(0.,0.,1.));
#169 = ORIENTED_EDGE('',*,*,#170,.F.);
#170 = EDGE_CURVE('',#22,#161,#171,.T.);
#171 = CIRCLE('',#172,5.2);
#172 = AXIS2_PLACEMENT_3D('',#173,#174,#175);
#173 = CARTESIAN_POINT('',(84.8,4.5,-6.9));
#174 = DIRECTION('',(0.,0.,1.));
#175 = DIRECTION('',(1.,0.,0.));
#176 = ORIENTED_EDGE('',*,*,#21,.T.);
#177 = ORIENTED_EDGE('',*,*,#178,.T.);
#178 = EDGE_CURVE('',#24,#179,#181,.T.);
#179 = VERTEX_POINT('',#180);
#180 = CARTESIAN_POINT('',(89.930058479199,3.65,1.));
#181 = CIRCLE('',#182,5.2);
#182 = AXIS2_PLACEMENT_3D('',#183,#184,#185);
#183 = CARTESIAN_POINT('',(84.8,4.5,1.));
#184 = DIRECTION('',(0.,0.,1.));
#185 = DIRECTION('',(1.,0.,0.));
#186 = ORIENTED_EDGE('',*,*,#187,.F.);
#187 = EDGE_CURVE('',#188,#179,#190,.T.);
#188 = VERTEX_POINT('',#189);
#189 = CARTESIAN_POINT('',(89.930058479199,3.65,0.8));
#190 = LINE('',#191,#192);
#191 = CARTESIAN_POINT('',(89.930058479199,3.65,-4.7));
#192 = VECTOR('',#193,1.);
#193 = DIRECTION('',(0.,0.,1.));
#194 = ORIENTED_EDGE('',*,*,#195,.T.);
#195 = EDGE_CURVE('',#188,#163,#196,.T.);
#196 = CIRCLE('',#197,5.2);
#197 = AXIS2_PLACEMENT_3D('',#198,#199,#200);
#198 = CARTESIAN_POINT('',(84.8,4.5,0.8));
#199 = DIRECTION('',(0.,0.,1.));
#200 = DIRECTION('',(1.,0.,0.));
#201 = CYLINDRICAL_SURFACE('',#202,5.2);
#202 = AXIS2_PLACEMENT_3D('',#203,#204,#205);
#203 = CARTESIAN_POINT('',(84.8,4.5,-4.7));
#204 = DIRECTION('',(0.,0.,1.));
#205 = DIRECTION('',(1.,0.,0.));
#206 = ADVANCED_FACE('',(#207),#258,.T.);
#207 = FACE_BOUND('',#208,.T.);
#208 = EDGE_LOOP('',(#209,#219,#227,#233,#234,#235,#243,#252));
#209 = ORIENTED_EDGE('',*,*,#210,.F.);
#210 = EDGE_CURVE('',#211,#213,#215,.T.);
#211 = VERTEX_POINT('',#212);
#212 = CARTESIAN_POINT('',(60.2,1.5,1.));
#213 = VERTEX_POINT('',#214);
#214 = CARTESIAN_POINT('',(68.2,1.5,1.));
#215 = LINE('',#216,#217);
#216 = CARTESIAN_POINT('',(21.35,1.5,1.));
#217 = VECTOR('',#218,1.);
#218 = DIRECTION('',(1.,0.,0.));
#219 = ORIENTED_EDGE('',*,*,#220,.F.);
#220 = EDGE_CURVE('',#221,#211,#223,.T.);
#221 = VERTEX_POINT('',#222);
#222 = CARTESIAN_POINT('',(57.869193338483,1.5,1.));
#223 = LINE('',#224,#225);
#224 = CARTESIAN_POINT('',(-21.25,1.5,1.));
#225 = VECTOR('',#226,1.);
#226 = DIRECTION('',(1.,0.,0.));
#227 = ORIENTED_EDGE('',*,*,#228,.F.);
#228 = EDGE_CURVE('',#138,#221,#229,.T.);
#229 = LINE('',#230,#231);
#230 = CARTESIAN_POINT('',(57.869193338483,3.,1.));
#231 = VECTOR('',#232,1.);
#232 = DIRECTION('',(0.,1.,-2.22044604925E-16));
#233 = ORIENTED_EDGE('',*,*,#146,.T.);
#234 = ORIENTED_EDGE('',*,*,#178,.T.);
#235 = ORIENTED_EDGE('',*,*,#236,.F.);
#236 = EDGE_CURVE('',#237,#179,#239,.T.);
#237 = VERTEX_POINT('',#238);
#238 = CARTESIAN_POINT('',(87.677064476163,3.65,1.));
#239 = LINE('',#240,#241);
#240 = CARTESIAN_POINT('',(29.5,3.65,1.));
#241 = VECTOR('',#242,1.);
#242 = DIRECTION('',(1.,0.,0.));
#243 = ORIENTED_EDGE('',*,*,#244,.F.);
#244 = EDGE_CURVE('',#245,#237,#247,.T.);
#245 = VERTEX_POINT('',#246);
#246 = CARTESIAN_POINT('',(84.8,1.5,1.));
#247 = CIRCLE('',#248,3.);
#248 = AXIS2_PLACEMENT_3D('',#249,#250,#251);
#249 = CARTESIAN_POINT('',(84.8,4.5,1.));
#250 = DIRECTION('',(0.,0.,1.));
#251 = DIRECTION('',(1.,0.,0.));
#252 = ORIENTED_EDGE('',*,*,#253,.F.);
#253 = EDGE_CURVE('',#213,#245,#254,.T.);
#254 = LINE('',#255,#256);
#255 = CARTESIAN_POINT('',(-21.25,1.5,1.));
#256 = VECTOR('',#257,1.);
#257 = DIRECTION('',(1.,0.,0.));
#258 = PLANE('',#259);
#259 = AXIS2_PLACEMENT_3D('',#260,#261,#262);
#260 = CARTESIAN_POINT('',(-25.,-6.,1.));
#261 = DIRECTION('',(0.,0.,1.));
#262 = DIRECTION('',(1.,0.,0.));
#263 = ADVANCED_FACE('',(#264),#283,.F.);
#264 = FACE_BOUND('',#265,.T.);
#265 = EDGE_LOOP('',(#266,#267,#276,#282));
#266 = ORIENTED_EDGE('',*,*,#228,.T.);
#267 = ORIENTED_EDGE('',*,*,#268,.T.);
#268 = EDGE_CURVE('',#221,#269,#271,.T.);
#269 = VERTEX_POINT('',#270);
#270 = CARTESIAN_POINT('',(54.770806661517,1.5,1.));
#271 = CIRCLE('',#272,3.2);
#272 = AXIS2_PLACEMENT_3D('',#273,#274,#275);
#273 = CARTESIAN_POINT('',(56.32,1.5,3.8));
#274 = DIRECTION('',(0.,1.,-2.22044604925E-16));
#275 = DIRECTION('',(1.,0.,0.));
#276 = ORIENTED_EDGE('',*,*,#277,.F.);
#277 = EDGE_CURVE('',#130,#269,#278,.T.);
#278 = LINE('',#279,#280);
#279 = CARTESIAN_POINT('',(54.770806661517,3.,1.));
#280 = VECTOR('',#281,1.);
#281 = DIRECTION('',(0.,1.,-2.22044604925E-16));
#282 = ORIENTED_EDGE('',*,*,#137,.F.);
#283 = CYLINDRICAL_SURFACE('',#284,3.2);
#284 = AXIS2_PLACEMENT_3D('',#285,#286,#287);
#285 = CARTESIAN_POINT('',(56.32,3.,3.8));
#286 = DIRECTION('',(-0.,1.,-2.22044604925E-16));
#287 = DIRECTION('',(1.,0.,0.));
#288 = ADVANCED_FACE('',(#289),#307,.T.);
#289 = FACE_BOUND('',#290,.T.);
#290 = EDGE_LOOP('',(#291,#299,#300,#301));
#291 = ORIENTED_EDGE('',*,*,#292,.F.);
#292 = EDGE_CURVE('',#122,#293,#295,.T.);
#293 = VERTEX_POINT('',#294);
#294 = CARTESIAN_POINT('',(16.8,1.5,1.));
#295 = LINE('',#296,#297);
#296 = CARTESIAN_POINT('',(16.8,-4.,1.));
#297 = VECTOR('',#298,1.);
#298 = DIRECTION('',(0.,1.,0.));
#299 = ORIENTED_EDGE('',*,*,#129,.T.);
#300 = ORIENTED_EDGE('',*,*,#277,.T.);
#301 = ORIENTED_EDGE('',*,*,#302,.F.);
#302 = EDGE_CURVE('',#293,#269,#303,.T.);
#303 = LINE('',#304,#305);
#304 = CARTESIAN_POINT('',(-21.25,1.5,1.));
#305 = VECTOR('',#306,1.);
#306 = DIRECTION('',(1.,0.,0.));
#307 = PLANE('',#308);
#308 = AXIS2_PLACEMENT_3D('',#309,#310,#311);
#309 = CARTESIAN_POINT('',(-25.,-6.,1.));
#310 = DIRECTION('',(0.,0.,1.));
#311 = DIRECTION('',(1.,0.,0.));
#312 = ADVANCED_FACE('',(#313),#331,.T.);
#313 = FACE_BOUND('',#314,.T.);
#314 = EDGE_LOOP('',(#315,#323,#324,#325));
#315 = ORIENTED_EDGE('',*,*,#316,.F.);
#316 = EDGE_CURVE('',#113,#317,#319,.T.);
#317 = VERTEX_POINT('',#318);
#318 = CARTESIAN_POINT('',(16.634314575051,1.5,0.834314575051));
#319 = LINE('',#320,#321);
#320 = CARTESIAN_POINT('',(16.634314575051,-2.,0.834314575051));
#321 = VECTOR('',#322,1.);
#322 = DIRECTION('',(0.,1.,0.));
#323 = ORIENTED_EDGE('',*,*,#121,.T.);
#324 = ORIENTED_EDGE('',*,*,#292,.T.);
#325 = ORIENTED_EDGE('',*,*,#326,.F.);
#326 = EDGE_CURVE('',#317,#293,#327,.T.);
#327 = LINE('',#328,#329);
#328 = CARTESIAN_POINT('',(6.85,1.5,-8.95));
#329 = VECTOR('',#330,1.);
#330 = DIRECTION('',(0.707106781187,0.,0.707106781187));
#331 = PLANE('',#332);
#332 = AXIS2_PLACEMENT_3D('',#333,#334,#335);
#333 = CARTESIAN_POINT('',(16.9,-2.,1.1));
#334 = DIRECTION('',(-0.707106781187,0.,0.707106781187));
#335 = DIRECTION('',(0.,1.,0.));
#336 = ADVANCED_FACE('',(#337),#356,.F.);
#337 = FACE_BOUND('',#338,.F.);
#338 = EDGE_LOOP('',(#339,#340,#341,#349));
#339 = ORIENTED_EDGE('',*,*,#316,.F.);
#340 = ORIENTED_EDGE('',*,*,#112,.T.);
#341 = ORIENTED_EDGE('',*,*,#342,.T.);
#342 = EDGE_CURVE('',#105,#343,#345,.T.);
#343 = VERTEX_POINT('',#344);
#344 = CARTESIAN_POINT('',(16.068629150102,1.5,0.6));
#345 = LINE('',#346,#347);
#346 = CARTESIAN_POINT('',(16.068629150102,-2.,0.6));
#347 = VECTOR('',#348,1.);
#348 = DIRECTION('',(0.,1.,0.));
#349 = ORIENTED_EDGE('',*,*,#350,.F.);
#350 = EDGE_CURVE('',#317,#343,#351,.T.);
#351 = CIRCLE('',#352,0.8);
#352 = AXIS2_PLACEMENT_3D('',#353,#354,#355);
#353 = CARTESIAN_POINT('',(16.068629150102,1.5,1.4));
#354 = DIRECTION('',(0.,1.,0.));
#355 = DIRECTION('',(0.707106781187,0.,-0.707106781187));
#356 = CYLINDRICAL_SURFACE('',#357,0.8);
#357 = AXIS2_PLACEMENT_3D('',#358,#359,#360);
#358 = CARTESIAN_POINT('',(16.068629150102,-2.,1.4));
#359 = DIRECTION('',(0.,1.,0.));
#360 = DIRECTION('',(0.707106781187,0.,-0.707106781187));
#361 = ADVANCED_FACE('',(#362),#380,.F.);
#362 = FACE_BOUND('',#363,.F.);
#363 = EDGE_LOOP('',(#364,#372,#373,#374));
#364 = ORIENTED_EDGE('',*,*,#365,.F.);
#365 = EDGE_CURVE('',#343,#366,#368,.T.);
#366 = VERTEX_POINT('',#367);
#367 = CARTESIAN_POINT('',(10.531370849898,1.5,0.6));
#368 = LINE('',#369,#370);
#369 = CARTESIAN_POINT('',(-5.E-02,1.5,0.6));
#370 = VECTOR('',#371,1.);
#371 = DIRECTION('',(-1.,0.,0.));
#372 = ORIENTED_EDGE('',*,*,#342,.F.);
#373 = ORIENTED_EDGE('',*,*,#104,.T.);
#374 = ORIENTED_EDGE('',*,*,#375,.T.);
#375 = EDGE_CURVE('',#96,#366,#376,.T.);
#376 = LINE('',#377,#378);
#377 = CARTESIAN_POINT('',(10.531370849898,-2.,0.6));
#378 = VECTOR('',#379,1.);
#379 = DIRECTION('',(0.,1.,0.));
#380 = PLANE('',#381);
#381 = AXIS2_PLACEMENT_3D('',#382,#383,#384);
#382 = CARTESIAN_POINT('',(17.4,-2.,0.6));
#383 = DIRECTION('',(0.,0.,-1.));
#384 = DIRECTION('',(-1.,0.,0.));
#385 = ADVANCED_FACE('',(#386),#405,.F.);
#386 = FACE_BOUND('',#387,.T.);
#387 = EDGE_LOOP('',(#388,#396,#397,#398));
#388 = ORIENTED_EDGE('',*,*,#389,.F.);
#389 = EDGE_CURVE('',#88,#390,#392,.T.);
#390 = VERTEX_POINT('',#391);
#391 = CARTESIAN_POINT('',(9.965685424949,1.5,0.834314575051));
#392 = LINE('',#393,#394);
#393 = CARTESIAN_POINT('',(9.965685424949,-2.,0.834314575051));
#394 = VECTOR('',#395,1.);
#395 = DIRECTION('',(0.,1.,0.));
#396 = ORIENTED_EDGE('',*,*,#95,.F.);
#397 = ORIENTED_EDGE('',*,*,#375,.T.);
#398 = ORIENTED_EDGE('',*,*,#399,.T.);
#399 = EDGE_CURVE('',#366,#390,#400,.T.);
#400 = CIRCLE('',#401,0.8);
#401 = AXIS2_PLACEMENT_3D('',#402,#403,#404);
#402 = CARTESIAN_POINT('',(10.531370849898,1.5,1.4));
#403 = DIRECTION('',(0.,1.,0.));
#404 = DIRECTION('',(-0.707106781187,0.,-0.707106781187));
#405 = CYLINDRICAL_SURFACE('',#406,0.8);
#406 = AXIS2_PLACEMENT_3D('',#407,#408,#409);
#407 = CARTESIAN_POINT('',(10.531370849898,-2.,1.4));
#408 = DIRECTION('',(0.,1.,0.));
#409 = DIRECTION('',(-0.707106781187,0.,-0.707106781187));
#410 = ADVANCED_FACE('',(#411),#429,.F.);
#411 = FACE_BOUND('',#412,.F.);
#412 = EDGE_LOOP('',(#413,#414,#415,#423));
#413 = ORIENTED_EDGE('',*,*,#389,.F.);
#414 = ORIENTED_EDGE('',*,*,#87,.T.);
#415 = ORIENTED_EDGE('',*,*,#416,.T.);
#416 = EDGE_CURVE('',#80,#417,#419,.T.);
#417 = VERTEX_POINT('',#418);
#418 = CARTESIAN_POINT('',(9.8,1.5,1.));
#419 = LINE('',#420,#421);
#420 = CARTESIAN_POINT('',(9.8,-4.,1.));
#421 = VECTOR('',#422,1.);
#422 = DIRECTION('',(0.,1.,0.));
#423 = ORIENTED_EDGE('',*,*,#424,.F.);
#424 = EDGE_CURVE('',#390,#417,#425,.T.);
#425 = LINE('',#426,#427);
#426 = CARTESIAN_POINT('',(4.35,1.5,6.45));
#427 = VECTOR('',#428,1.);
#428 = DIRECTION('',(-0.707106781187,0.,0.707106781187));
#429 = PLANE('',#430);
#430 = AXIS2_PLACEMENT_3D('',#431,#432,#433);
#431 = CARTESIAN_POINT('',(9.7,-2.,1.1));
#432 = DIRECTION('',(-0.707106781187,0.,-0.707106781187));
#433 = DIRECTION('',(0.,1.,0.));
#434 = ADVANCED_FACE('',(#435),#510,.T.);
#435 = FACE_BOUND('',#436,.T.);
#436 = EDGE_LOOP('',(#437,#445,#453,#461,#469,#478,#486,#494,#502,#508,
    #509));
#437 = ORIENTED_EDGE('',*,*,#438,.F.);
#438 = EDGE_CURVE('',#439,#417,#441,.T.);
#439 = VERTEX_POINT('',#440);
#440 = CARTESIAN_POINT('',(9.2,1.5,1.));
#441 = LINE('',#442,#443);
#442 = CARTESIAN_POINT('',(-21.25,1.5,1.));
#443 = VECTOR('',#444,1.);
#444 = DIRECTION('',(1.,0.,0.));
#445 = ORIENTED_EDGE('',*,*,#446,.T.);
#446 = EDGE_CURVE('',#439,#447,#449,.T.);
#447 = VERTEX_POINT('',#448);
#448 = CARTESIAN_POINT('',(2.7,1.5,1.));
#449 = LINE('',#450,#451);
#450 = CARTESIAN_POINT('',(-8.15,1.5,1.));
#451 = VECTOR('',#452,1.);
#452 = DIRECTION('',(-1.,0.,0.));
#453 = ORIENTED_EDGE('',*,*,#454,.T.);
#454 = EDGE_CURVE('',#447,#455,#457,.T.);
#455 = VERTEX_POINT('',#456);
#456 = CARTESIAN_POINT('',(2.7,8.2,1.));
#457 = LINE('',#458,#459);
#458 = CARTESIAN_POINT('',(2.7,1.45,1.));
#459 = VECTOR('',#460,1.);
#460 = DIRECTION('',(0.,1.,0.));
#461 = ORIENTED_EDGE('',*,*,#462,.F.);
#462 = EDGE_CURVE('',#463,#455,#465,.T.);
#463 = VERTEX_POINT('',#464);
#464 = CARTESIAN_POINT('',(2.2,8.2,1.));
#465 = LINE('',#466,#467);
#466 = CARTESIAN_POINT('',(1.2,8.2,1.));
#467 = VECTOR('',#468,1.);
#468 = DIRECTION('',(1.,0.,0.));
#469 = ORIENTED_EDGE('',*,*,#470,.F.);
#470 = EDGE_CURVE('',#471,#463,#473,.T.);
#471 = VERTEX_POINT('',#472);
#472 = CARTESIAN_POINT('',(1.2,7.2,1.));
#473 = CIRCLE('',#474,1.);
#474 = AXIS2_PLACEMENT_3D('',#475,#476,#477);
#475 = CARTESIAN_POINT('',(2.2,7.2,1.));
#476 = DIRECTION('',(-0.,-0.,-1.));
#477 = DIRECTION('',(0.,-1.,0.));
#478 = ORIENTED_EDGE('',*,*,#479,.F.);
#479 = EDGE_CURVE('',#480,#471,#482,.T.);
#480 = VERTEX_POINT('',#481);
#481 = CARTESIAN_POINT('',(1.2,1.5,1.));
#482 = LINE('',#483,#484);
#483 = CARTESIAN_POINT('',(1.2,1.,1.));
#484 = VECTOR('',#485,1.);
#485 = DIRECTION('',(0.,1.,0.));
#486 = ORIENTED_EDGE('',*,*,#487,.F.);
#487 = EDGE_CURVE('',#488,#480,#490,.T.);
#488 = VERTEX_POINT('',#489);
#489 = CARTESIAN_POINT('',(-7.,1.5,1.));
#490 = LINE('',#491,#492);
#491 = CARTESIAN_POINT('',(-15.5,1.5,1.));
#492 = VECTOR('',#493,1.);
#493 = DIRECTION('',(1.,0.,0.));
#494 = ORIENTED_EDGE('',*,*,#495,.F.);
#495 = EDGE_CURVE('',#496,#488,#498,.T.);
#496 = VERTEX_POINT('',#497);
#497 = CARTESIAN_POINT('',(-7.,1.45,1.));
#498 = LINE('',#499,#500);
#499 = CARTESIAN_POINT('',(-7.,1.45,1.));
#500 = VECTOR('',#501,1.);
#501 = DIRECTION('',(0.,1.,0.));
#502 = ORIENTED_EDGE('',*,*,#503,.T.);
#503 = EDGE_CURVE('',#496,#72,#504,.T.);
#504 = LINE('',#505,#506);
#505 = CARTESIAN_POINT('',(-7.,-6.,1.));
#506 = VECTOR('',#507,1.);
#507 = DIRECTION('',(0.,-1.,0.));
#508 = ORIENTED_EDGE('',*,*,#79,.T.);
#509 = ORIENTED_EDGE('',*,*,#416,.T.);
#510 = PLANE('',#511);
#511 = AXIS2_PLACEMENT_3D('',#512,#513,#514);
#512 = CARTESIAN_POINT('',(-25.,-6.,1.));
#513 = DIRECTION('',(0.,0.,1.));
#514 = DIRECTION('',(1.,0.,0.));
#515 = ADVANCED_FACE('',(#516),#534,.F.);
#516 = FACE_BOUND('',#517,.F.);
#517 = EDGE_LOOP('',(#518,#519,#520,#528));
#518 = ORIENTED_EDGE('',*,*,#503,.T.);
#519 = ORIENTED_EDGE('',*,*,#71,.T.);
#520 = ORIENTED_EDGE('',*,*,#521,.T.);
#521 = EDGE_CURVE('',#64,#522,#524,.T.);
#522 = VERTEX_POINT('',#523);
#523 = CARTESIAN_POINT('',(-7.,1.45,0.4));
#524 = LINE('',#525,#526);
#525 = CARTESIAN_POINT('',(-7.,-6.,0.4));
#526 = VECTOR('',#527,1.);
#527 = DIRECTION('',(0.,1.,0.));
#528 = ORIENTED_EDGE('',*,*,#529,.T.);
#529 = EDGE_CURVE('',#522,#496,#530,.T.);
#530 = LINE('',#531,#532);
#531 = CARTESIAN_POINT('',(-7.,1.45,0.4));
#532 = VECTOR('',#533,1.);
#533 = DIRECTION('',(0.,0.,1.));
#534 = PLANE('',#535);
#535 = AXIS2_PLACEMENT_3D('',#536,#537,#538);
#536 = CARTESIAN_POINT('',(-7.,-6.,0.4));
#537 = DIRECTION('',(1.,0.,0.));
#538 = DIRECTION('',(0.,0.,1.));
#539 = ADVANCED_FACE('',(#540),#558,.T.);
#540 = FACE_BOUND('',#541,.T.);
#541 = EDGE_LOOP('',(#542,#550,#551,#552));
#542 = ORIENTED_EDGE('',*,*,#543,.F.);
#543 = EDGE_CURVE('',#56,#544,#546,.T.);
#544 = VERTEX_POINT('',#545);
#545 = CARTESIAN_POINT('',(-12.,1.45,0.4));
#546 = LINE('',#547,#548);
#547 = CARTESIAN_POINT('',(-12.,-6.,0.4));
#548 = VECTOR('',#549,1.);
#549 = DIRECTION('',(0.,1.,0.));
#550 = ORIENTED_EDGE('',*,*,#63,.T.);
#551 = ORIENTED_EDGE('',*,*,#521,.T.);
#552 = ORIENTED_EDGE('',*,*,#553,.F.);
#553 = EDGE_CURVE('',#544,#522,#554,.T.);
#554 = LINE('',#555,#556);
#555 = CARTESIAN_POINT('',(-13.5,1.45,0.4));
#556 = VECTOR('',#557,1.);
#557 = DIRECTION('',(1.,0.,0.));
#558 = PLANE('',#559);
#559 = AXIS2_PLACEMENT_3D('',#560,#561,#562);
#560 = CARTESIAN_POINT('',(-12.,-6.,0.4));
#561 = DIRECTION('',(0.,0.,1.));
#562 = DIRECTION('',(1.,0.,0.));
#563 = ADVANCED_FACE('',(#564),#590,.T.);
#564 = FACE_BOUND('',#565,.T.);
#565 = EDGE_LOOP('',(#566,#574,#575,#576,#584));
#566 = ORIENTED_EDGE('',*,*,#567,.T.);
#567 = EDGE_CURVE('',#568,#48,#570,.T.);
#568 = VERTEX_POINT('',#569);
#569 = CARTESIAN_POINT('',(-12.,1.5,1.));
#570 = LINE('',#571,#572);
#571 = CARTESIAN_POINT('',(-12.,-6.,1.));
#572 = VECTOR('',#573,1.);
#573 = DIRECTION('',(0.,-1.,0.));
#574 = ORIENTED_EDGE('',*,*,#55,.T.);
#575 = ORIENTED_EDGE('',*,*,#543,.T.);
#576 = ORIENTED_EDGE('',*,*,#577,.T.);
#577 = EDGE_CURVE('',#544,#578,#580,.T.);
#578 = VERTEX_POINT('',#579);
#579 = CARTESIAN_POINT('',(-12.,1.5,0.4));
#580 = LINE('',#581,#582);
#581 = CARTESIAN_POINT('',(-12.,-6.,0.4));
#582 = VECTOR('',#583,1.);
#583 = DIRECTION('',(0.,1.,0.));
#584 = ORIENTED_EDGE('',*,*,#585,.F.);
#585 = EDGE_CURVE('',#568,#578,#586,.T.);
#586 = LINE('',#587,#588);
#587 = CARTESIAN_POINT('',(-12.,1.5,-2.15));
#588 = VECTOR('',#589,1.);
#589 = DIRECTION('',(0.,0.,-1.));
#590 = PLANE('',#591);
#591 = AXIS2_PLACEMENT_3D('',#592,#593,#594);
#592 = CARTESIAN_POINT('',(-12.,-6.,0.4));
#593 = DIRECTION('',(1.,0.,0.));
#594 = DIRECTION('',(0.,0.,1.));
#595 = ADVANCED_FACE('',(#596),#773,.T.);
#596 = FACE_BOUND('',#597,.T.);
#597 = EDGE_LOOP('',(#598,#608,#616,#624,#632,#640,#648,#657,#665,#674,
    #682,#691,#699,#706,#707,#708,#716,#725,#733,#742,#750,#758,#766));
#598 = ORIENTED_EDGE('',*,*,#599,.F.);
#599 = EDGE_CURVE('',#600,#602,#604,.T.);
#600 = VERTEX_POINT('',#601);
#601 = CARTESIAN_POINT('',(2.7,50.8,1.));
#602 = VERTEX_POINT('',#603);
#603 = CARTESIAN_POINT('',(2.2,50.8,1.));
#604 = LINE('',#605,#606);
#605 = CARTESIAN_POINT('',(9.2,50.8,1.));
#606 = VECTOR('',#607,1.);
#607 = DIRECTION('',(-1.,0.,0.));
#608 = ORIENTED_EDGE('',*,*,#609,.T.);
#609 = EDGE_CURVE('',#600,#610,#612,.T.);
#610 = VERTEX_POINT('',#611);
#611 = CARTESIAN_POINT('',(2.7,57.8,1.));
#612 = LINE('',#613,#614);
#613 = CARTESIAN_POINT('',(2.7,1.45,1.));
#614 = VECTOR('',#615,1.);
#615 = DIRECTION('',(0.,1.,0.));
#616 = ORIENTED_EDGE('',*,*,#617,.T.);
#617 = EDGE_CURVE('',#610,#618,#620,.T.);
#618 = VERTEX_POINT('',#619);
#619 = CARTESIAN_POINT('',(9.2,57.8,1.));
#620 = LINE('',#621,#622);
#621 = CARTESIAN_POINT('',(-4.15,57.8,1.));
#622 = VECTOR('',#623,1.);
#623 = DIRECTION('',(1.,0.,0.));
#624 = ORIENTED_EDGE('',*,*,#625,.T.);
#625 = EDGE_CURVE('',#618,#626,#628,.T.);
#626 = VERTEX_POINT('',#627);
#627 = CARTESIAN_POINT('',(61.,57.8,1.));
#628 = LINE('',#629,#630);
#629 = CARTESIAN_POINT('',(-21.25,57.8,1.));
#630 = VECTOR('',#631,1.);
#631 = DIRECTION('',(1.,0.,0.));
#632 = ORIENTED_EDGE('',*,*,#633,.T.);
#633 = EDGE_CURVE('',#626,#634,#636,.T.);
#634 = VERTEX_POINT('',#635);
#635 = CARTESIAN_POINT('',(68.,57.8,1.));
#636 = LINE('',#637,#638);
#637 = CARTESIAN_POINT('',(25.25,57.8,1.));
#638 = VECTOR('',#639,1.);
#639 = DIRECTION('',(1.,0.,0.));
#640 = ORIENTED_EDGE('',*,*,#641,.T.);
#641 = EDGE_CURVE('',#634,#642,#644,.T.);
#642 = VERTEX_POINT('',#643);
#643 = CARTESIAN_POINT('',(84.8,57.8,1.));
#644 = LINE('',#645,#646);
#645 = CARTESIAN_POINT('',(-21.25,57.8,1.));
#646 = VECTOR('',#647,1.);
#647 = DIRECTION('',(1.,0.,0.));
#648 = ORIENTED_EDGE('',*,*,#649,.F.);
#649 = EDGE_CURVE('',#650,#642,#652,.T.);
#650 = VERTEX_POINT('',#651);
#651 = CARTESIAN_POINT('',(87.33771550809,56.4,1.));
#652 = CIRCLE('',#653,3.);
#653 = AXIS2_PLACEMENT_3D('',#654,#655,#656);
#654 = CARTESIAN_POINT('',(84.8,54.8,1.));
#655 = DIRECTION('',(0.,0.,1.));
#656 = DIRECTION('',(1.,0.,0.));
#657 = ORIENTED_EDGE('',*,*,#658,.T.);
#658 = EDGE_CURVE('',#650,#659,#661,.T.);
#659 = VERTEX_POINT('',#660);
#660 = CARTESIAN_POINT('',(89.747726750741,56.4,1.));
#661 = LINE('',#662,#663);
#662 = CARTESIAN_POINT('',(29.5,56.4,1.));
#663 = VECTOR('',#664,1.);
#664 = DIRECTION('',(1.,0.,0.));
#665 = ORIENTED_EDGE('',*,*,#666,.T.);
#666 = EDGE_CURVE('',#659,#667,#669,.T.);
#667 = VERTEX_POINT('',#668);
#668 = CARTESIAN_POINT('',(84.8,60.,1.));
#669 = CIRCLE('',#670,5.2);
#670 = AXIS2_PLACEMENT_3D('',#671,#672,#673);
#671 = CARTESIAN_POINT('',(84.8,54.8,1.));
#672 = DIRECTION('',(0.,0.,1.));
#673 = DIRECTION('',(1.,0.,0.));
#674 = ORIENTED_EDGE('',*,*,#675,.F.);
#675 = EDGE_CURVE('',#676,#667,#678,.T.);
#676 = VERTEX_POINT('',#677);
#677 = CARTESIAN_POINT('',(-14.5,60.,1.));
#678 = LINE('',#679,#680);
#679 = CARTESIAN_POINT('',(-21.25,60.,1.));
#680 = VECTOR('',#681,1.);
#681 = DIRECTION('',(1.,0.,0.));
#682 = ORIENTED_EDGE('',*,*,#683,.T.);
#683 = EDGE_CURVE('',#676,#684,#686,.T.);
#684 = VERTEX_POINT('',#685);
#685 = CARTESIAN_POINT('',(-19.7,54.8,1.));
#686 = CIRCLE('',#687,5.2);
#687 = AXIS2_PLACEMENT_3D('',#688,#689,#690);
#688 = CARTESIAN_POINT('',(-14.5,54.8,1.));
#689 = DIRECTION('',(0.,0.,1.));
#690 = DIRECTION('',(-1.,0.,0.));
#691 = ORIENTED_EDGE('',*,*,#692,.T.);
#692 = EDGE_CURVE('',#684,#693,#695,.T.);
#693 = VERTEX_POINT('',#694);
#694 = CARTESIAN_POINT('',(-19.7,4.5,1.));
#695 = LINE('',#696,#697);
#696 = CARTESIAN_POINT('',(-19.7,-2.25,1.));
#697 = VECTOR('',#698,1.);
#698 = DIRECTION('',(0.,-1.,0.));
#699 = ORIENTED_EDGE('',*,*,#700,.T.);
#700 = EDGE_CURVE('',#693,#40,#701,.T.);
#701 = CIRCLE('',#702,5.2);
#702 = AXIS2_PLACEMENT_3D('',#703,#704,#705);
#703 = CARTESIAN_POINT('',(-14.5,4.5,1.));
#704 = DIRECTION('',(0.,0.,1.));
#705 = DIRECTION('',(-1.,0.,0.));
#706 = ORIENTED_EDGE('',*,*,#47,.T.);
#707 = ORIENTED_EDGE('',*,*,#567,.F.);
#708 = ORIENTED_EDGE('',*,*,#709,.F.);
#709 = EDGE_CURVE('',#710,#568,#712,.T.);
#710 = VERTEX_POINT('',#711);
#711 = CARTESIAN_POINT('',(-14.5,1.5,1.));
#712 = LINE('',#713,#714);
#713 = CARTESIAN_POINT('',(-21.25,1.5,1.));
#714 = VECTOR('',#715,1.);
#715 = DIRECTION('',(1.,0.,0.));
#716 = ORIENTED_EDGE('',*,*,#717,.F.);
#717 = EDGE_CURVE('',#718,#710,#720,.T.);
#718 = VERTEX_POINT('',#719);
#719 = CARTESIAN_POINT('',(-17.5,4.5,1.));
#720 = CIRCLE('',#721,3.);
#721 = AXIS2_PLACEMENT_3D('',#722,#723,#724);
#722 = CARTESIAN_POINT('',(-14.5,4.5,1.));
#723 = DIRECTION('',(0.,0.,1.));
#724 = DIRECTION('',(-1.,0.,0.));
#725 = ORIENTED_EDGE('',*,*,#726,.F.);
#726 = EDGE_CURVE('',#727,#718,#729,.T.);
#727 = VERTEX_POINT('',#728);
#728 = CARTESIAN_POINT('',(-17.5,54.8,1.));
#729 = LINE('',#730,#731);
#730 = CARTESIAN_POINT('',(-17.5,-2.25,1.));
#731 = VECTOR('',#732,1.);
#732 = DIRECTION('',(0.,-1.,0.));
#733 = ORIENTED_EDGE('',*,*,#734,.F.);
#734 = EDGE_CURVE('',#735,#727,#737,.T.);
#735 = VERTEX_POINT('',#736);
#736 = CARTESIAN_POINT('',(-14.5,57.8,1.));
#737 = CIRCLE('',#738,3.);
#738 = AXIS2_PLACEMENT_3D('',#739,#740,#741);
#739 = CARTESIAN_POINT('',(-14.5,54.8,1.));
#740 = DIRECTION('',(0.,0.,1.));
#741 = DIRECTION('',(-1.,0.,0.));
#742 = ORIENTED_EDGE('',*,*,#743,.T.);
#743 = EDGE_CURVE('',#735,#744,#746,.T.);
#744 = VERTEX_POINT('',#745);
#745 = CARTESIAN_POINT('',(-7.,57.8,1.));
#746 = LINE('',#747,#748);
#747 = CARTESIAN_POINT('',(-21.25,57.8,1.));
#748 = VECTOR('',#749,1.);
#749 = DIRECTION('',(1.,0.,0.));
#750 = ORIENTED_EDGE('',*,*,#751,.T.);
#751 = EDGE_CURVE('',#744,#752,#754,.T.);
#752 = VERTEX_POINT('',#753);
#753 = CARTESIAN_POINT('',(1.2,57.8,1.));
#754 = LINE('',#755,#756);
#755 = CARTESIAN_POINT('',(-15.5,57.8,1.));
#756 = VECTOR('',#757,1.);
#757 = DIRECTION('',(1.,0.,0.));
#758 = ORIENTED_EDGE('',*,*,#759,.T.);
#759 = EDGE_CURVE('',#752,#760,#762,.T.);
#760 = VERTEX_POINT('',#761);
#761 = CARTESIAN_POINT('',(1.2,51.8,1.));
#762 = LINE('',#763,#764);
#763 = CARTESIAN_POINT('',(1.2,58.,1.));
#764 = VECTOR('',#765,1.);
#765 = DIRECTION('',(0.,-1.,0.));
#766 = ORIENTED_EDGE('',*,*,#767,.F.);
#767 = EDGE_CURVE('',#602,#760,#768,.T.);
#768 = CIRCLE('',#769,1.);
#769 = AXIS2_PLACEMENT_3D('',#770,#771,#772);
#770 = CARTESIAN_POINT('',(2.2,51.8,1.));
#771 = DIRECTION('',(0.,0.,-1.));
#772 = DIRECTION('',(0.,1.,0.));
#773 = PLANE('',#774);
#774 = AXIS2_PLACEMENT_3D('',#775,#776,#777);
#775 = CARTESIAN_POINT('',(-25.,-6.,1.));
#776 = DIRECTION('',(0.,0.,1.));
#777 = DIRECTION('',(1.,0.,0.));
#778 = ADVANCED_FACE('',(#779),#798,.T.);
#779 = FACE_BOUND('',#780,.T.);
#780 = EDGE_LOOP('',(#781,#789,#796,#797));
#781 = ORIENTED_EDGE('',*,*,#782,.F.);
#782 = EDGE_CURVE('',#783,#693,#785,.T.);
#783 = VERTEX_POINT('',#784);
#784 = CARTESIAN_POINT('',(-19.7,4.5,-6.9));
#785 = LINE('',#786,#787);
#786 = CARTESIAN_POINT('',(-19.7,4.5,-4.7));
#787 = VECTOR('',#788,1.);
#788 = DIRECTION('',(0.,0.,1.));
#789 = ORIENTED_EDGE('',*,*,#790,.T.);
#790 = EDGE_CURVE('',#783,#32,#791,.T.);
#791 = CIRCLE('',#792,5.2);
#792 = AXIS2_PLACEMENT_3D('',#793,#794,#795);
#793 = CARTESIAN_POINT('',(-14.5,4.5,-6.9));
#794 = DIRECTION('',(0.,0.,1.));
#795 = DIRECTION('',(-1.,0.,0.));
#796 = ORIENTED_EDGE('',*,*,#39,.T.);
#797 = ORIENTED_EDGE('',*,*,#700,.F.);
#798 = CYLINDRICAL_SURFACE('',#799,5.2);
#799 = AXIS2_PLACEMENT_3D('',#800,#801,#802);
#800 = CARTESIAN_POINT('',(-14.5,4.5,-4.7));
#801 = DIRECTION('',(0.,0.,1.));
#802 = DIRECTION('',(-1.,0.,0.));
#803 = ADVANCED_FACE('',(#804,#849,#860,#871,#882,#893,#927,#938,#949,
    #960),#971,.F.);
#804 = FACE_BOUND('',#805,.F.);
#805 = EDGE_LOOP('',(#806,#807,#808,#816,#825,#833,#842,#848));
#806 = ORIENTED_EDGE('',*,*,#31,.F.);
#807 = ORIENTED_EDGE('',*,*,#170,.T.);
#808 = ORIENTED_EDGE('',*,*,#809,.T.);
#809 = EDGE_CURVE('',#161,#810,#812,.T.);
#810 = VERTEX_POINT('',#811);
#811 = CARTESIAN_POINT('',(90.,54.8,-6.9));
#812 = LINE('',#813,#814);
#813 = CARTESIAN_POINT('',(90.,1.5,-6.9));
#814 = VECTOR('',#815,1.);
#815 = DIRECTION('',(0.,1.,0.));
#816 = ORIENTED_EDGE('',*,*,#817,.T.);
#817 = EDGE_CURVE('',#810,#818,#820,.T.);
#818 = VERTEX_POINT('',#819);
#819 = CARTESIAN_POINT('',(84.8,60.,-6.9));
#820 = CIRCLE('',#821,5.2);
#821 = AXIS2_PLACEMENT_3D('',#822,#823,#824);
#822 = CARTESIAN_POINT('',(84.8,54.8,-6.9));
#823 = DIRECTION('',(0.,0.,1.));
#824 = DIRECTION('',(1.,0.,0.));
#825 = ORIENTED_EDGE('',*,*,#826,.T.);
#826 = EDGE_CURVE('',#818,#827,#829,.T.);
#827 = VERTEX_POINT('',#828);
#828 = CARTESIAN_POINT('',(-14.5,60.,-6.9));
#829 = LINE('',#830,#831);
#830 = CARTESIAN_POINT('',(-17.5,60.,-6.9));
#831 = VECTOR('',#832,1.);
#832 = DIRECTION('',(-1.,0.,0.));
#833 = ORIENTED_EDGE('',*,*,#834,.T.);
#834 = EDGE_CURVE('',#827,#835,#837,.T.);
#835 = VERTEX_POINT('',#836);
#836 = CARTESIAN_POINT('',(-19.7,54.8,-6.9));
#837 = CIRCLE('',#838,5.2);
#838 = AXIS2_PLACEMENT_3D('',#839,#840,#841);
#839 = CARTESIAN_POINT('',(-14.5,54.8,-6.9));
#840 = DIRECTION('',(0.,0.,1.));
#841 = DIRECTION('',(-1.,0.,0.));
#842 = ORIENTED_EDGE('',*,*,#843,.T.);
#843 = EDGE_CURVE('',#835,#783,#844,.T.);
#844 = LINE('',#845,#846);
#845 = CARTESIAN_POINT('',(-19.7,1.5,-6.9));
#846 = VECTOR('',#847,1.);
#847 = DIRECTION('',(0.,-1.,0.));
#848 = ORIENTED_EDGE('',*,*,#790,.T.);
#849 = FACE_BOUND('',#850,.F.);
#850 = EDGE_LOOP('',(#851));
#851 = ORIENTED_EDGE('',*,*,#852,.T.);
#852 = EDGE_CURVE('',#853,#853,#855,.T.);
#853 = VERTEX_POINT('',#854);
#854 = CARTESIAN_POINT('',(-6.9,7.,-6.9));
#855 = CIRCLE('',#856,5.1);
#856 = AXIS2_PLACEMENT_3D('',#857,#858,#859);
#857 = CARTESIAN_POINT('',(-12.,7.,-6.9));
#858 = DIRECTION('',(0.,0.,-1.));
#859 = DIRECTION('',(1.,0.,0.));
#860 = FACE_BOUND('',#861,.F.);
#861 = EDGE_LOOP('',(#862));
#862 = ORIENTED_EDGE('',*,*,#863,.F.);
#863 = EDGE_CURVE('',#864,#864,#866,.T.);
#864 = VERTEX_POINT('',#865);
#865 = CARTESIAN_POINT('',(8.26,5.1,-6.9));
#866 = CIRCLE('',#867,2.);
#867 = AXIS2_PLACEMENT_3D('',#868,#869,#870);
#868 = CARTESIAN_POINT('',(6.26,5.1,-6.9));
#869 = DIRECTION('',(0.,0.,1.));
#870 = DIRECTION('',(1.,0.,0.));
#871 = FACE_BOUND('',#872,.F.);
#872 = EDGE_LOOP('',(#873));
#873 = ORIENTED_EDGE('',*,*,#874,.F.);
#874 = EDGE_CURVE('',#875,#875,#877,.T.);
#875 = VERTEX_POINT('',#876);
#876 = CARTESIAN_POINT('',(66.26,5.1,-6.9));
#877 = CIRCLE('',#878,2.);
#878 = AXIS2_PLACEMENT_3D('',#879,#880,#881);
#879 = CARTESIAN_POINT('',(64.26,5.1,-6.9));
#880 = DIRECTION('',(0.,0.,1.));
#881 = DIRECTION('',(1.,0.,0.));
#882 = FACE_BOUND('',#883,.F.);
#883 = EDGE_LOOP('',(#884));
#884 = ORIENTED_EDGE('',*,*,#885,.T.);
#885 = EDGE_CURVE('',#886,#886,#888,.T.);
#886 = VERTEX_POINT('',#887);
#887 = CARTESIAN_POINT('',(87.1,7.,-6.9));
#888 = CIRCLE('',#889,5.1);
#889 = AXIS2_PLACEMENT_3D('',#890,#891,#892);
#890 = CARTESIAN_POINT('',(82.,7.,-6.9));
#891 = DIRECTION('',(0.,0.,-1.));
#892 = DIRECTION('',(1.,0.,0.));
#893 = FACE_BOUND('',#894,.F.);
#894 = EDGE_LOOP('',(#895,#905,#913,#921));
#895 = ORIENTED_EDGE('',*,*,#896,.F.);
#896 = EDGE_CURVE('',#897,#899,#901,.T.);
#897 = VERTEX_POINT('',#898);
#898 = CARTESIAN_POINT('',(2.7,23.35,-6.9));
#899 = VERTEX_POINT('',#900);
#900 = CARTESIAN_POINT('',(2.7,36.35,-6.9));
#901 = LINE('',#902,#903);
#902 = CARTESIAN_POINT('',(2.7,12.425,-6.9));
#903 = VECTOR('',#904,1.);
#904 = DIRECTION('',(0.,1.,0.));
#905 = ORIENTED_EDGE('',*,*,#906,.T.);
#906 = EDGE_CURVE('',#897,#907,#909,.T.);
#907 = VERTEX_POINT('',#908);
#908 = CARTESIAN_POINT('',(-14.99937593301,23.35,-6.9));
#909 = LINE('',#910,#911);
#910 = CARTESIAN_POINT('',(-16.25,23.35,-6.9));
#911 = VECTOR('',#912,1.);
#912 = DIRECTION('',(-1.,0.,0.));
#913 = ORIENTED_EDGE('',*,*,#914,.T.);
#914 = EDGE_CURVE('',#907,#915,#917,.T.);
#915 = VERTEX_POINT('',#916);
#916 = CARTESIAN_POINT('',(-14.99937593301,36.35,-6.9));
#917 = LINE('',#918,#919);
#918 = CARTESIAN_POINT('',(-14.99937593301,23.35,-6.9));
#919 = VECTOR('',#920,1.);
#920 = DIRECTION('',(0.,1.,0.));
#921 = ORIENTED_EDGE('',*,*,#922,.F.);
#922 = EDGE_CURVE('',#899,#915,#923,.T.);
#923 = LINE('',#924,#925);
#924 = CARTESIAN_POINT('',(-16.25,36.35,-6.9));
#925 = VECTOR('',#926,1.);
#926 = DIRECTION('',(-1.,0.,0.));
#927 = FACE_BOUND('',#928,.F.);
#928 = EDGE_LOOP('',(#929));
#929 = ORIENTED_EDGE('',*,*,#930,.T.);
#930 = EDGE_CURVE('',#931,#931,#933,.T.);
#931 = VERTEX_POINT('',#932);
#932 = CARTESIAN_POINT('',(-6.9,52.3,-6.9));
#933 = CIRCLE('',#934,5.1);
#934 = AXIS2_PLACEMENT_3D('',#935,#936,#937);
#935 = CARTESIAN_POINT('',(-12.,52.3,-6.9));
#936 = DIRECTION('',(0.,0.,-1.));
#937 = DIRECTION('',(1.,0.,0.));
#938 = FACE_BOUND('',#939,.F.);
#939 = EDGE_LOOP('',(#940));
#940 = ORIENTED_EDGE('',*,*,#941,.F.);
#941 = EDGE_CURVE('',#942,#942,#944,.T.);
#942 = VERTEX_POINT('',#943);
#943 = CARTESIAN_POINT('',(8.26,54.1,-6.9));
#944 = CIRCLE('',#945,2.);
#945 = AXIS2_PLACEMENT_3D('',#946,#947,#948);
#946 = CARTESIAN_POINT('',(6.26,54.1,-6.9));
#947 = DIRECTION('',(0.,0.,1.));
#948 = DIRECTION('',(1.,0.,0.));
#949 = FACE_BOUND('',#950,.F.);
#950 = EDGE_LOOP('',(#951));
#951 = ORIENTED_EDGE('',*,*,#952,.F.);
#952 = EDGE_CURVE('',#953,#953,#955,.T.);
#953 = VERTEX_POINT('',#954);
#954 = CARTESIAN_POINT('',(66.26,54.1,-6.9));
#955 = CIRCLE('',#956,2.);
#956 = AXIS2_PLACEMENT_3D('',#957,#958,#959);
#957 = CARTESIAN_POINT('',(64.26,54.1,-6.9));
#958 = DIRECTION('',(0.,0.,1.));
#959 = DIRECTION('',(1.,0.,0.));
#960 = FACE_BOUND('',#961,.F.);
#961 = EDGE_LOOP('',(#962));
#962 = ORIENTED_EDGE('',*,*,#963,.T.);
#963 = EDGE_CURVE('',#964,#964,#966,.T.);
#964 = VERTEX_POINT('',#965);
#965 = CARTESIAN_POINT('',(87.1,52.3,-6.9));
#966 = CIRCLE('',#967,5.1);
#967 = AXIS2_PLACEMENT_3D('',#968,#969,#970);
#968 = CARTESIAN_POINT('',(82.,52.3,-6.9));
#969 = DIRECTION('',(0.,0.,-1.));
#970 = DIRECTION('',(1.,0.,0.));
#971 = PLANE('',#972);
#972 = AXIS2_PLACEMENT_3D('',#973,#974,#975);
#973 = CARTESIAN_POINT('',(-17.5,1.5,-6.9));
#974 = DIRECTION('',(0.,0.,1.));
#975 = DIRECTION('',(1.,0.,0.));
#976 = ADVANCED_FACE('',(#977),#1059,.T.);
#977 = FACE_BOUND('',#978,.T.);
#978 = EDGE_LOOP('',(#979,#989,#997,#1003,#1004,#1005,#1013,#1021,#1029,
    #1037,#1045,#1053));
#979 = ORIENTED_EDGE('',*,*,#980,.T.);
#980 = EDGE_CURVE('',#981,#983,#985,.T.);
#981 = VERTEX_POINT('',#982);
#982 = CARTESIAN_POINT('',(90.,23.,1.));
#983 = VERTEX_POINT('',#984);
#984 = CARTESIAN_POINT('',(90.,20.25,1.));
#985 = LINE('',#986,#987);
#986 = CARTESIAN_POINT('',(90.,-2.25,1.));
#987 = VECTOR('',#988,1.);
#988 = DIRECTION('',(0.,-1.,0.));
#989 = ORIENTED_EDGE('',*,*,#990,.F.);
#990 = EDGE_CURVE('',#991,#983,#993,.T.);
#991 = VERTEX_POINT('',#992);
#992 = CARTESIAN_POINT('',(90.,20.25,0.8));
#993 = LINE('',#994,#995);
#994 = CARTESIAN_POINT('',(90.,20.25,-1.95));
#995 = VECTOR('',#996,1.);
#996 = DIRECTION('',(0.,0.,1.));
#997 = ORIENTED_EDGE('',*,*,#998,.T.);
#998 = EDGE_CURVE('',#991,#163,#999,.T.);
#999 = LINE('',#1000,#1001);
#1000 = CARTESIAN_POINT('',(90.,2.575,0.8));
#1001 = VECTOR('',#1002,1.);
#1002 = DIRECTION('',(0.,-1.,0.));
#1003 = ORIENTED_EDGE('',*,*,#160,.F.);
#1004 = ORIENTED_EDGE('',*,*,#809,.T.);
#1005 = ORIENTED_EDGE('',*,*,#1006,.T.);
#1006 = EDGE_CURVE('',#810,#1007,#1009,.T.);
#1007 = VERTEX_POINT('',#1008);
#1008 = CARTESIAN_POINT('',(90.,54.8,0.8));
#1009 = LINE('',#1010,#1011);
#1010 = CARTESIAN_POINT('',(90.,54.8,-4.7));
#1011 = VECTOR('',#1012,1.);
#1012 = DIRECTION('',(0.,0.,1.));
#1013 = ORIENTED_EDGE('',*,*,#1014,.T.);
#1014 = EDGE_CURVE('',#1007,#1015,#1017,.T.);
#1015 = VERTEX_POINT('',#1016);
#1016 = CARTESIAN_POINT('',(90.,41.,0.8));
#1017 = LINE('',#1018,#1019);
#1018 = CARTESIAN_POINT('',(90.,21.25,0.8));
#1019 = VECTOR('',#1020,1.);
#1020 = DIRECTION('',(0.,-1.,0.));
#1021 = ORIENTED_EDGE('',*,*,#1022,.T.);
#1022 = EDGE_CURVE('',#1015,#1023,#1025,.T.);
#1023 = VERTEX_POINT('',#1024);
#1024 = CARTESIAN_POINT('',(90.,41.,1.));
#1025 = LINE('',#1026,#1027);
#1026 = CARTESIAN_POINT('',(90.,41.,-1.95));
#1027 = VECTOR('',#1028,1.);
#1028 = DIRECTION('',(0.,0.,1.));
#1029 = ORIENTED_EDGE('',*,*,#1030,.T.);
#1030 = EDGE_CURVE('',#1023,#1031,#1033,.T.);
#1031 = VERTEX_POINT('',#1032);
#1032 = CARTESIAN_POINT('',(90.,38.4,1.));
#1033 = LINE('',#1034,#1035);
#1034 = CARTESIAN_POINT('',(90.,-2.25,1.));
#1035 = VECTOR('',#1036,1.);
#1036 = DIRECTION('',(0.,-1.,0.));
#1037 = ORIENTED_EDGE('',*,*,#1038,.F.);
#1038 = EDGE_CURVE('',#1039,#1031,#1041,.T.);
#1039 = VERTEX_POINT('',#1040);
#1040 = CARTESIAN_POINT('',(90.,38.4,0.8));
#1041 = LINE('',#1042,#1043);
#1042 = CARTESIAN_POINT('',(90.,38.4,-1.95));
#1043 = VECTOR('',#1044,1.);
#1044 = DIRECTION('',(0.,0.,1.));
#1045 = ORIENTED_EDGE('',*,*,#1046,.T.);
#1046 = EDGE_CURVE('',#1039,#1047,#1049,.T.);
#1047 = VERTEX_POINT('',#1048);
#1048 = CARTESIAN_POINT('',(90.,23.,0.8));
#1049 = LINE('',#1050,#1051);
#1050 = CARTESIAN_POINT('',(90.,12.25,0.8));
#1051 = VECTOR('',#1052,1.);
#1052 = DIRECTION('',(0.,-1.,0.));
#1053 = ORIENTED_EDGE('',*,*,#1054,.T.);
#1054 = EDGE_CURVE('',#1047,#981,#1055,.T.);
#1055 = LINE('',#1056,#1057);
#1056 = CARTESIAN_POINT('',(90.,23.,-1.95));
#1057 = VECTOR('',#1058,1.);
#1058 = DIRECTION('',(0.,0.,1.));
#1059 = PLANE('',#1060);
#1060 = AXIS2_PLACEMENT_3D('',#1061,#1062,#1063);
#1061 = CARTESIAN_POINT('',(90.,1.5,-4.7));
#1062 = DIRECTION('',(1.,0.,0.));
#1063 = DIRECTION('',(0.,0.,1.));
#1064 = ADVANCED_FACE('',(#1065),#1100,.T.);
#1065 = FACE_BOUND('',#1066,.T.);
#1066 = EDGE_LOOP('',(#1067,#1075,#1083,#1092,#1098,#1099));
#1067 = ORIENTED_EDGE('',*,*,#1068,.F.);
#1068 = EDGE_CURVE('',#1069,#991,#1071,.T.);
#1069 = VERTEX_POINT('',#1070);
#1070 = CARTESIAN_POINT('',(87.8,20.25,0.8));
#1071 = LINE('',#1072,#1073);
#1072 = CARTESIAN_POINT('',(84.,20.25,0.8));
#1073 = VECTOR('',#1074,1.);
#1074 = DIRECTION('',(1.,0.,0.));
#1075 = ORIENTED_EDGE('',*,*,#1076,.T.);
#1076 = EDGE_CURVE('',#1069,#1077,#1079,.T.);
#1077 = VERTEX_POINT('',#1078);
#1078 = CARTESIAN_POINT('',(87.8,4.5,0.8));
#1079 = LINE('',#1080,#1081);
#1080 = CARTESIAN_POINT('',(87.8,2.575,0.8));
#1081 = VECTOR('',#1082,1.);
#1082 = DIRECTION('',(0.,-1.,0.));
#1083 = ORIENTED_EDGE('',*,*,#1084,.F.);
#1084 = EDGE_CURVE('',#1085,#1077,#1087,.T.);
#1085 = VERTEX_POINT('',#1086);
#1086 = CARTESIAN_POINT('',(87.677064476163,3.65,0.8));
#1087 = CIRCLE('',#1088,3.);
#1088 = AXIS2_PLACEMENT_3D('',#1089,#1090,#1091);
#1089 = CARTESIAN_POINT('',(84.8,4.5,0.8));
#1090 = DIRECTION('',(0.,0.,1.));
#1091 = DIRECTION('',(1.,0.,0.));
#1092 = ORIENTED_EDGE('',*,*,#1093,.T.);
#1093 = EDGE_CURVE('',#1085,#188,#1094,.T.);
#1094 = LINE('',#1095,#1096);
#1095 = CARTESIAN_POINT('',(84.,3.65,0.8));
#1096 = VECTOR('',#1097,1.);
#1097 = DIRECTION('',(1.,0.,0.));
#1098 = ORIENTED_EDGE('',*,*,#195,.T.);
#1099 = ORIENTED_EDGE('',*,*,#998,.F.);
#1100 = PLANE('',#1101);
#1101 = AXIS2_PLACEMENT_3D('',#1102,#1103,#1104);
#1102 = CARTESIAN_POINT('',(84.,3.65,0.8));
#1103 = DIRECTION('',(0.,0.,1.));
#1104 = DIRECTION('',(1.,0.,0.));
#1105 = ADVANCED_FACE('',(#1106),#1117,.T.);
#1106 = FACE_BOUND('',#1107,.T.);
#1107 = EDGE_LOOP('',(#1108,#1109,#1115,#1116));
#1108 = ORIENTED_EDGE('',*,*,#1093,.F.);
#1109 = ORIENTED_EDGE('',*,*,#1110,.T.);
#1110 = EDGE_CURVE('',#1085,#237,#1111,.T.);
#1111 = LINE('',#1112,#1113);
#1112 = CARTESIAN_POINT('',(87.677064476163,3.65,-4.7));
#1113 = VECTOR('',#1114,1.);
#1114 = DIRECTION('',(0.,0.,1.));
#1115 = ORIENTED_EDGE('',*,*,#236,.T.);
#1116 = ORIENTED_EDGE('',*,*,#187,.F.);
#1117 = PLANE('',#1118);
#1118 = AXIS2_PLACEMENT_3D('',#1119,#1120,#1121);
#1119 = CARTESIAN_POINT('',(84.,3.65,0.8));
#1120 = DIRECTION('',(0.,1.,0.));
#1121 = DIRECTION('',(0.,0.,1.));
#1122 = ADVANCED_FACE('',(#1123),#1263,.T.);
#1123 = FACE_BOUND('',#1124,.T.);
#1124 = EDGE_LOOP('',(#1125,#1135,#1143,#1151,#1157,#1158,#1159,#1160,
    #1161,#1162,#1163,#1164,#1165,#1166,#1167,#1168,#1169,#1177,#1185,
    #1193,#1201,#1209,#1217,#1225,#1233,#1241,#1249,#1257));
#1125 = ORIENTED_EDGE('',*,*,#1126,.F.);
#1126 = EDGE_CURVE('',#1127,#1129,#1131,.T.);
#1127 = VERTEX_POINT('',#1128);
#1128 = CARTESIAN_POINT('',(2.7,1.5,-4.7));
#1129 = VERTEX_POINT('',#1130);
#1130 = CARTESIAN_POINT('',(4.537240585572,1.5,-4.7));
#1131 = LINE('',#1132,#1133);
#1132 = CARTESIAN_POINT('',(-17.5,1.5,-4.7));
#1133 = VECTOR('',#1134,1.);
#1134 = DIRECTION('',(1.,0.,0.));
#1135 = ORIENTED_EDGE('',*,*,#1136,.F.);
#1136 = EDGE_CURVE('',#1137,#1127,#1139,.T.);
#1137 = VERTEX_POINT('',#1138);
#1138 = CARTESIAN_POINT('',(2.7,1.5,-0.5));
#1139 = LINE('',#1140,#1141);
#1140 = CARTESIAN_POINT('',(2.7,1.5,-4.85));
#1141 = VECTOR('',#1142,1.);
#1142 = DIRECTION('',(0.,0.,-1.));
#1143 = ORIENTED_EDGE('',*,*,#1144,.F.);
#1144 = EDGE_CURVE('',#1145,#1137,#1147,.T.);
#1145 = VERTEX_POINT('',#1146);
#1146 = CARTESIAN_POINT('',(2.7,1.5,-0.4));
#1147 = LINE('',#1148,#1149);
#1148 = CARTESIAN_POINT('',(2.7,1.5,-4.85));
#1149 = VECTOR('',#1150,1.);
#1150 = DIRECTION('',(0.,0.,-1.));
#1151 = ORIENTED_EDGE('',*,*,#1152,.F.);
#1152 = EDGE_CURVE('',#447,#1145,#1153,.T.);
#1153 = LINE('',#1154,#1155);
#1154 = CARTESIAN_POINT('',(2.7,1.5,-2.6));
#1155 = VECTOR('',#1156,1.);
#1156 = DIRECTION('',(0.,0.,-1.));
#1157 = ORIENTED_EDGE('',*,*,#446,.F.);
#1158 = ORIENTED_EDGE('',*,*,#438,.T.);
#1159 = ORIENTED_EDGE('',*,*,#424,.F.);
#1160 = ORIENTED_EDGE('',*,*,#399,.F.);
#1161 = ORIENTED_EDGE('',*,*,#365,.F.);
#1162 = ORIENTED_EDGE('',*,*,#350,.F.);
#1163 = ORIENTED_EDGE('',*,*,#326,.T.);
#1164 = ORIENTED_EDGE('',*,*,#302,.T.);
#1165 = ORIENTED_EDGE('',*,*,#268,.F.);
#1166 = ORIENTED_EDGE('',*,*,#220,.T.);
#1167 = ORIENTED_EDGE('',*,*,#210,.T.);
#1168 = ORIENTED_EDGE('',*,*,#253,.T.);
#1169 = ORIENTED_EDGE('',*,*,#1170,.F.);
#1170 = EDGE_CURVE('',#1171,#245,#1173,.T.);
#1171 = VERTEX_POINT('',#1172);
#1172 = CARTESIAN_POINT('',(84.8,1.5,-2.4));
#1173 = LINE('',#1174,#1175);
#1174 = CARTESIAN_POINT('',(84.8,1.5,-4.7));
#1175 = VECTOR('',#1176,1.);
#1176 = DIRECTION('',(0.,0.,1.));
#1177 = ORIENTED_EDGE('',*,*,#1178,.T.);
#1178 = EDGE_CURVE('',#1171,#1179,#1181,.T.);
#1179 = VERTEX_POINT('',#1180);
#1180 = CARTESIAN_POINT('',(76.,1.5,-2.4));
#1181 = LINE('',#1182,#1183);
#1182 = CARTESIAN_POINT('',(35.75,1.5,-2.4));
#1183 = VECTOR('',#1184,1.);
#1184 = DIRECTION('',(-1.,0.,0.));
#1185 = ORIENTED_EDGE('',*,*,#1186,.F.);
#1186 = EDGE_CURVE('',#1187,#1179,#1189,.T.);
#1187 = VERTEX_POINT('',#1188);
#1188 = CARTESIAN_POINT('',(75.,1.5,-3.4));
#1189 = LINE('',#1190,#1191);
#1190 = CARTESIAN_POINT('',(51.8,1.5,-26.6));
#1191 = VECTOR('',#1192,1.);
#1192 = DIRECTION('',(0.707106781187,0.,0.707106781187));
#1193 = ORIENTED_EDGE('',*,*,#1194,.T.);
#1194 = EDGE_CURVE('',#1187,#1195,#1197,.T.);
#1195 = VERTEX_POINT('',#1196);
#1196 = CARTESIAN_POINT('',(75.,1.5,-4.7));
#1197 = LINE('',#1198,#1199);
#1198 = CARTESIAN_POINT('',(75.,1.5,-4.85));
#1199 = VECTOR('',#1200,1.);
#1200 = DIRECTION('',(0.,0.,-1.));
#1201 = ORIENTED_EDGE('',*,*,#1202,.F.);
#1202 = EDGE_CURVE('',#1203,#1195,#1205,.T.);
#1203 = VERTEX_POINT('',#1204);
#1204 = CARTESIAN_POINT('',(65.982759414428,1.5,-4.7));
#1205 = LINE('',#1206,#1207);
#1206 = CARTESIAN_POINT('',(-17.5,1.5,-4.7));
#1207 = VECTOR('',#1208,1.);
#1208 = DIRECTION('',(1.,0.,0.));
#1209 = ORIENTED_EDGE('',*,*,#1210,.F.);
#1210 = EDGE_CURVE('',#1211,#1203,#1213,.T.);
#1211 = VERTEX_POINT('',#1212);
#1212 = CARTESIAN_POINT('',(65.982759414428,1.5,-0.5));
#1213 = LINE('',#1214,#1215);
#1214 = CARTESIAN_POINT('',(65.982759414428,1.5,-0.5));
#1215 = VECTOR('',#1216,1.);
#1216 = DIRECTION('',(0.,0.,-1.));
#1217 = ORIENTED_EDGE('',*,*,#1218,.F.);
#1218 = EDGE_CURVE('',#1219,#1211,#1221,.T.);
#1219 = VERTEX_POINT('',#1220);
#1220 = CARTESIAN_POINT('',(62.537240585572,1.5,-0.5));
#1221 = LINE('',#1222,#1223);
#1222 = CARTESIAN_POINT('',(23.38,1.5,-0.5));
#1223 = VECTOR('',#1224,1.);
#1224 = DIRECTION('',(1.,0.,0.));
#1225 = ORIENTED_EDGE('',*,*,#1226,.T.);
#1226 = EDGE_CURVE('',#1219,#1227,#1229,.T.);
#1227 = VERTEX_POINT('',#1228);
#1228 = CARTESIAN_POINT('',(62.537240585572,1.5,-4.7));
#1229 = LINE('',#1230,#1231);
#1230 = CARTESIAN_POINT('',(62.537240585572,1.5,-0.5));
#1231 = VECTOR('',#1232,1.);
#1232 = DIRECTION('',(0.,0.,-1.));
#1233 = ORIENTED_EDGE('',*,*,#1234,.F.);
#1234 = EDGE_CURVE('',#1235,#1227,#1237,.T.);
#1235 = VERTEX_POINT('',#1236);
#1236 = CARTESIAN_POINT('',(7.982759414428,1.5,-4.7));
#1237 = LINE('',#1238,#1239);
#1238 = CARTESIAN_POINT('',(-17.5,1.5,-4.7));
#1239 = VECTOR('',#1240,1.);
#1240 = DIRECTION('',(1.,0.,0.));
#1241 = ORIENTED_EDGE('',*,*,#1242,.F.);
#1242 = EDGE_CURVE('',#1243,#1235,#1245,.T.);
#1243 = VERTEX_POINT('',#1244);
#1244 = CARTESIAN_POINT('',(7.982759414428,1.5,-0.5));
#1245 = LINE('',#1246,#1247);
#1246 = CARTESIAN_POINT('',(7.982759414428,1.5,-0.5));
#1247 = VECTOR('',#1248,1.);
#1248 = DIRECTION('',(0.,0.,-1.));
#1249 = ORIENTED_EDGE('',*,*,#1250,.F.);
#1250 = EDGE_CURVE('',#1251,#1243,#1253,.T.);
#1251 = VERTEX_POINT('',#1252);
#1252 = CARTESIAN_POINT('',(4.537240585572,1.5,-0.5));
#1253 = LINE('',#1254,#1255);
#1254 = CARTESIAN_POINT('',(-5.62,1.5,-0.5));
#1255 = VECTOR('',#1256,1.);
#1256 = DIRECTION('',(1.,0.,0.));
#1257 = ORIENTED_EDGE('',*,*,#1258,.T.);
#1258 = EDGE_CURVE('',#1251,#1129,#1259,.T.);
#1259 = LINE('',#1260,#1261);
#1260 = CARTESIAN_POINT('',(4.537240585572,1.5,-0.5));
#1261 = VECTOR('',#1262,1.);
#1262 = DIRECTION('',(0.,0.,-1.));
#1263 = PLANE('',#1264);
#1264 = AXIS2_PLACEMENT_3D('',#1265,#1266,#1267);
#1265 = CARTESIAN_POINT('',(-17.5,1.5,-4.7));
#1266 = DIRECTION('',(0.,1.,0.));
#1267 = DIRECTION('',(0.,0.,1.));
#1268 = ADVANCED_FACE('',(#1269),#1290,.F.);
#1269 = FACE_BOUND('',#1270,.T.);
#1270 = EDGE_LOOP('',(#1271,#1279,#1286,#1287,#1288,#1289));
#1271 = ORIENTED_EDGE('',*,*,#1272,.F.);
#1272 = EDGE_CURVE('',#1273,#1077,#1275,.T.);
#1273 = VERTEX_POINT('',#1274);
#1274 = CARTESIAN_POINT('',(87.8,4.5,-2.4));
#1275 = LINE('',#1276,#1277);
#1276 = CARTESIAN_POINT('',(87.8,4.5,-4.7));
#1277 = VECTOR('',#1278,1.);
#1278 = DIRECTION('',(0.,0.,1.));
#1279 = ORIENTED_EDGE('',*,*,#1280,.F.);
#1280 = EDGE_CURVE('',#1171,#1273,#1281,.T.);
#1281 = CIRCLE('',#1282,3.);
#1282 = AXIS2_PLACEMENT_3D('',#1283,#1284,#1285);
#1283 = CARTESIAN_POINT('',(84.8,4.5,-2.4));
#1284 = DIRECTION('',(0.,0.,1.));
#1285 = DIRECTION('',(1.,0.,0.));
#1286 = ORIENTED_EDGE('',*,*,#1170,.T.);
#1287 = ORIENTED_EDGE('',*,*,#244,.T.);
#1288 = ORIENTED_EDGE('',*,*,#1110,.F.);
#1289 = ORIENTED_EDGE('',*,*,#1084,.T.);
#1290 = CYLINDRICAL_SURFACE('',#1291,3.);
#1291 = AXIS2_PLACEMENT_3D('',#1292,#1293,#1294);
#1292 = CARTESIAN_POINT('',(84.8,4.5,-4.7));
#1293 = DIRECTION('',(0.,0.,1.));
#1294 = DIRECTION('',(1.,0.,0.));
#1295 = ADVANCED_FACE('',(#1296),#1314,.F.);
#1296 = FACE_BOUND('',#1297,.F.);
#1297 = EDGE_LOOP('',(#1298,#1306,#1307,#1308));
#1298 = ORIENTED_EDGE('',*,*,#1299,.F.);
#1299 = EDGE_CURVE('',#488,#1300,#1302,.T.);
#1300 = VERTEX_POINT('',#1301);
#1301 = CARTESIAN_POINT('',(-7.,1.5,0.4));
#1302 = LINE('',#1303,#1304);
#1303 = CARTESIAN_POINT('',(-7.,1.5,-2.15));
#1304 = VECTOR('',#1305,1.);
#1305 = DIRECTION('',(0.,0.,-1.));
#1306 = ORIENTED_EDGE('',*,*,#495,.F.);
#1307 = ORIENTED_EDGE('',*,*,#529,.F.);
#1308 = ORIENTED_EDGE('',*,*,#1309,.T.);
#1309 = EDGE_CURVE('',#522,#1300,#1310,.T.);
#1310 = LINE('',#1311,#1312);
#1311 = CARTESIAN_POINT('',(-7.,-6.,0.4));
#1312 = VECTOR('',#1313,1.);
#1313 = DIRECTION('',(0.,1.,0.));
#1314 = PLANE('',#1315);
#1315 = AXIS2_PLACEMENT_3D('',#1316,#1317,#1318);
#1316 = CARTESIAN_POINT('',(-7.,-6.,0.4));
#1317 = DIRECTION('',(1.,0.,0.));
#1318 = DIRECTION('',(0.,0.,1.));
#1319 = ADVANCED_FACE('',(#1320),#1342,.T.);
#1320 = FACE_BOUND('',#1321,.T.);
#1321 = EDGE_LOOP('',(#1322,#1328,#1329,#1330,#1331,#1332,#1338,#1339,
    #1340,#1341));
#1322 = ORIENTED_EDGE('',*,*,#1323,.F.);
#1323 = EDGE_CURVE('',#488,#744,#1324,.T.);
#1324 = LINE('',#1325,#1326);
#1325 = CARTESIAN_POINT('',(-7.,1.45,1.));
#1326 = VECTOR('',#1327,1.);
#1327 = DIRECTION('',(0.,1.,0.));
#1328 = ORIENTED_EDGE('',*,*,#487,.T.);
#1329 = ORIENTED_EDGE('',*,*,#479,.T.);
#1330 = ORIENTED_EDGE('',*,*,#470,.T.);
#1331 = ORIENTED_EDGE('',*,*,#462,.T.);
#1332 = ORIENTED_EDGE('',*,*,#1333,.T.);
#1333 = EDGE_CURVE('',#455,#600,#1334,.T.);
#1334 = LINE('',#1335,#1336);
#1335 = CARTESIAN_POINT('',(2.7,1.45,1.));
#1336 = VECTOR('',#1337,1.);
#1337 = DIRECTION('',(0.,1.,0.));
#1338 = ORIENTED_EDGE('',*,*,#599,.T.);
#1339 = ORIENTED_EDGE('',*,*,#767,.T.);
#1340 = ORIENTED_EDGE('',*,*,#759,.F.);
#1341 = ORIENTED_EDGE('',*,*,#751,.F.);
#1342 = PLANE('',#1343);
#1343 = AXIS2_PLACEMENT_3D('',#1344,#1345,#1346);
#1344 = CARTESIAN_POINT('',(-13.5,1.45,1.));
#1345 = DIRECTION('',(0.,0.,1.));
#1346 = DIRECTION('',(1.,0.,0.));
#1347 = ADVANCED_FACE('',(#1348),#1368,.T.);
#1348 = FACE_BOUND('',#1349,.T.);
#1349 = EDGE_LOOP('',(#1350,#1351,#1352,#1360,#1366,#1367));
#1350 = ORIENTED_EDGE('',*,*,#454,.F.);
#1351 = ORIENTED_EDGE('',*,*,#1152,.T.);
#1352 = ORIENTED_EDGE('',*,*,#1353,.T.);
#1353 = EDGE_CURVE('',#1145,#1354,#1356,.T.);
#1354 = VERTEX_POINT('',#1355);
#1355 = CARTESIAN_POINT('',(2.7,57.8,-0.4));
#1356 = LINE('',#1357,#1358);
#1357 = CARTESIAN_POINT('',(2.7,1.,-0.4));
#1358 = VECTOR('',#1359,1.);
#1359 = DIRECTION('',(0.,1.,0.));
#1360 = ORIENTED_EDGE('',*,*,#1361,.F.);
#1361 = EDGE_CURVE('',#610,#1354,#1362,.T.);
#1362 = LINE('',#1363,#1364);
#1363 = CARTESIAN_POINT('',(2.7,57.8,-2.6));
#1364 = VECTOR('',#1365,1.);
#1365 = DIRECTION('',(0.,0.,-1.));
#1366 = ORIENTED_EDGE('',*,*,#609,.F.);
#1367 = ORIENTED_EDGE('',*,*,#1333,.F.);
#1368 = PLANE('',#1369);
#1369 = AXIS2_PLACEMENT_3D('',#1370,#1371,#1372);
#1370 = CARTESIAN_POINT('',(2.7,1.45,-0.5));
#1371 = DIRECTION('',(1.,0.,0.));
#1372 = DIRECTION('',(0.,0.,1.));
#1373 = ADVANCED_FACE('',(#1374),#1385,.T.);
#1374 = FACE_BOUND('',#1375,.T.);
#1375 = EDGE_LOOP('',(#1376,#1377,#1378,#1379));
#1376 = ORIENTED_EDGE('',*,*,#577,.F.);
#1377 = ORIENTED_EDGE('',*,*,#553,.T.);
#1378 = ORIENTED_EDGE('',*,*,#1309,.T.);
#1379 = ORIENTED_EDGE('',*,*,#1380,.F.);
#1380 = EDGE_CURVE('',#578,#1300,#1381,.T.);
#1381 = LINE('',#1382,#1383);
#1382 = CARTESIAN_POINT('',(-14.75,1.5,0.4));
#1383 = VECTOR('',#1384,1.);
#1384 = DIRECTION('',(1.,0.,0.));
#1385 = PLANE('',#1386);
#1386 = AXIS2_PLACEMENT_3D('',#1387,#1388,#1389);
#1387 = CARTESIAN_POINT('',(-12.,-6.,0.4));
#1388 = DIRECTION('',(0.,0.,1.));
#1389 = DIRECTION('',(1.,0.,0.));
#1390 = ADVANCED_FACE('',(#1391),#1425,.T.);
#1391 = FACE_BOUND('',#1392,.T.);
#1392 = EDGE_LOOP('',(#1393,#1401,#1402,#1403,#1411,#1419));
#1393 = ORIENTED_EDGE('',*,*,#1394,.T.);
#1394 = EDGE_CURVE('',#1395,#710,#1397,.T.);
#1395 = VERTEX_POINT('',#1396);
#1396 = CARTESIAN_POINT('',(-14.5,1.5,-0.4));
#1397 = LINE('',#1398,#1399);
#1398 = CARTESIAN_POINT('',(-14.5,1.5,-4.7));
#1399 = VECTOR('',#1400,1.);
#1400 = DIRECTION('',(0.,0.,1.));
#1401 = ORIENTED_EDGE('',*,*,#709,.T.);
#1402 = ORIENTED_EDGE('',*,*,#585,.T.);
#1403 = ORIENTED_EDGE('',*,*,#1404,.F.);
#1404 = EDGE_CURVE('',#1405,#578,#1407,.T.);
#1405 = VERTEX_POINT('',#1406);
#1406 = CARTESIAN_POINT('',(-13.5,1.5,0.4));
#1407 = LINE('',#1408,#1409);
#1408 = CARTESIAN_POINT('',(-15.5,1.5,0.4));
#1409 = VECTOR('',#1410,1.);
#1410 = DIRECTION('',(1.,0.,0.));
#1411 = ORIENTED_EDGE('',*,*,#1412,.T.);
#1412 = EDGE_CURVE('',#1405,#1413,#1415,.T.);
#1413 = VERTEX_POINT('',#1414);
#1414 = CARTESIAN_POINT('',(-13.5,1.5,-0.4));
#1415 = LINE('',#1416,#1417);
#1416 = CARTESIAN_POINT('',(-13.5,1.5,-2.6));
#1417 = VECTOR('',#1418,1.);
#1418 = DIRECTION('',(0.,0.,-1.));
#1419 = ORIENTED_EDGE('',*,*,#1420,.F.);
#1420 = EDGE_CURVE('',#1395,#1413,#1421,.T.);
#1421 = LINE('',#1422,#1423);
#1422 = CARTESIAN_POINT('',(-17.75,1.5,-0.4));
#1423 = VECTOR('',#1424,1.);
#1424 = DIRECTION('',(1.,0.,0.));
#1425 = PLANE('',#1426);
#1426 = AXIS2_PLACEMENT_3D('',#1427,#1428,#1429);
#1427 = CARTESIAN_POINT('',(-17.5,1.5,-4.7));
#1428 = DIRECTION('',(0.,1.,0.));
#1429 = DIRECTION('',(0.,0.,1.));
#1430 = ADVANCED_FACE('',(#1431),#1472,.F.);
#1431 = FACE_BOUND('',#1432,.F.);
#1432 = EDGE_LOOP('',(#1433,#1434,#1442,#1450,#1458,#1466));
#1433 = ORIENTED_EDGE('',*,*,#743,.T.);
#1434 = ORIENTED_EDGE('',*,*,#1435,.T.);
#1435 = EDGE_CURVE('',#744,#1436,#1438,.T.);
#1436 = VERTEX_POINT('',#1437);
#1437 = CARTESIAN_POINT('',(-7.,57.8,0.4));
#1438 = LINE('',#1439,#1440);
#1439 = CARTESIAN_POINT('',(-7.,57.8,-2.15));
#1440 = VECTOR('',#1441,1.);
#1441 = DIRECTION('',(0.,0.,-1.));
#1442 = ORIENTED_EDGE('',*,*,#1443,.F.);
#1443 = EDGE_CURVE('',#1444,#1436,#1446,.T.);
#1444 = VERTEX_POINT('',#1445);
#1445 = CARTESIAN_POINT('',(-13.5,57.8,0.4));
#1446 = LINE('',#1447,#1448);
#1447 = CARTESIAN_POINT('',(-15.5,57.8,0.4));
#1448 = VECTOR('',#1449,1.);
#1449 = DIRECTION('',(1.,0.,0.));
#1450 = ORIENTED_EDGE('',*,*,#1451,.T.);
#1451 = EDGE_CURVE('',#1444,#1452,#1454,.T.);
#1452 = VERTEX_POINT('',#1453);
#1453 = CARTESIAN_POINT('',(-13.5,57.8,-0.4));
#1454 = LINE('',#1455,#1456);
#1455 = CARTESIAN_POINT('',(-13.5,57.8,-2.6));
#1456 = VECTOR('',#1457,1.);
#1457 = DIRECTION('',(0.,0.,-1.));
#1458 = ORIENTED_EDGE('',*,*,#1459,.F.);
#1459 = EDGE_CURVE('',#1460,#1452,#1462,.T.);
#1460 = VERTEX_POINT('',#1461);
#1461 = CARTESIAN_POINT('',(-14.5,57.8,-0.4));
#1462 = LINE('',#1463,#1464);
#1463 = CARTESIAN_POINT('',(-17.75,57.8,-0.4));
#1464 = VECTOR('',#1465,1.);
#1465 = DIRECTION('',(1.,0.,0.));
#1466 = ORIENTED_EDGE('',*,*,#1467,.T.);
#1467 = EDGE_CURVE('',#1460,#735,#1468,.T.);
#1468 = LINE('',#1469,#1470);
#1469 = CARTESIAN_POINT('',(-14.5,57.8,-4.7));
#1470 = VECTOR('',#1471,1.);
#1471 = DIRECTION('',(0.,0.,1.));
#1472 = PLANE('',#1473);
#1473 = AXIS2_PLACEMENT_3D('',#1474,#1475,#1476);
#1474 = CARTESIAN_POINT('',(-17.5,57.8,-4.7));
#1475 = DIRECTION('',(0.,1.,0.));
#1476 = DIRECTION('',(0.,0.,1.));
#1477 = ADVANCED_FACE('',(#1478),#1497,.F.);
#1478 = FACE_BOUND('',#1479,.T.);
#1479 = EDGE_LOOP('',(#1480,#1488,#1495,#1496));
#1480 = ORIENTED_EDGE('',*,*,#1481,.F.);
#1481 = EDGE_CURVE('',#1482,#727,#1484,.T.);
#1482 = VERTEX_POINT('',#1483);
#1483 = CARTESIAN_POINT('',(-17.5,54.8,-0.4));
#1484 = LINE('',#1485,#1486);
#1485 = CARTESIAN_POINT('',(-17.5,54.8,-4.7));
#1486 = VECTOR('',#1487,1.);
#1487 = DIRECTION('',(0.,0.,1.));
#1488 = ORIENTED_EDGE('',*,*,#1489,.F.);
#1489 = EDGE_CURVE('',#1460,#1482,#1490,.T.);
#1490 = CIRCLE('',#1491,3.);
#1491 = AXIS2_PLACEMENT_3D('',#1492,#1493,#1494);
#1492 = CARTESIAN_POINT('',(-14.5,54.8,-0.4));
#1493 = DIRECTION('',(0.,0.,1.));
#1494 = DIRECTION('',(-1.,0.,0.));
#1495 = ORIENTED_EDGE('',*,*,#1467,.T.);
#1496 = ORIENTED_EDGE('',*,*,#734,.T.);
#1497 = CYLINDRICAL_SURFACE('',#1498,3.);
#1498 = AXIS2_PLACEMENT_3D('',#1499,#1500,#1501);
#1499 = CARTESIAN_POINT('',(-14.5,54.8,-4.7));
#1500 = DIRECTION('',(0.,0.,1.));
#1501 = DIRECTION('',(-1.,0.,0.));
#1502 = ADVANCED_FACE('',(#1503),#1521,.T.);
#1503 = FACE_BOUND('',#1504,.T.);
#1504 = EDGE_LOOP('',(#1505,#1506,#1507,#1515));
#1505 = ORIENTED_EDGE('',*,*,#1481,.T.);
#1506 = ORIENTED_EDGE('',*,*,#726,.T.);
#1507 = ORIENTED_EDGE('',*,*,#1508,.F.);
#1508 = EDGE_CURVE('',#1509,#718,#1511,.T.);
#1509 = VERTEX_POINT('',#1510);
#1510 = CARTESIAN_POINT('',(-17.5,4.5,-0.4));
#1511 = LINE('',#1512,#1513);
#1512 = CARTESIAN_POINT('',(-17.5,4.5,-4.7));
#1513 = VECTOR('',#1514,1.);
#1514 = DIRECTION('',(0.,0.,1.));
#1515 = ORIENTED_EDGE('',*,*,#1516,.F.);
#1516 = EDGE_CURVE('',#1482,#1509,#1517,.T.);
#1517 = LINE('',#1518,#1519);
#1518 = CARTESIAN_POINT('',(-17.5,1.25,-0.4));
#1519 = VECTOR('',#1520,1.);
#1520 = DIRECTION('',(0.,-1.,0.));
#1521 = PLANE('',#1522);
#1522 = AXIS2_PLACEMENT_3D('',#1523,#1524,#1525);
#1523 = CARTESIAN_POINT('',(-17.5,1.5,-4.7));
#1524 = DIRECTION('',(1.,0.,0.));
#1525 = DIRECTION('',(0.,0.,1.));
#1526 = ADVANCED_FACE('',(#1527),#1539,.F.);
#1527 = FACE_BOUND('',#1528,.F.);
#1528 = EDGE_LOOP('',(#1529,#1530,#1537,#1538));
#1529 = ORIENTED_EDGE('',*,*,#1508,.F.);
#1530 = ORIENTED_EDGE('',*,*,#1531,.T.);
#1531 = EDGE_CURVE('',#1509,#1395,#1532,.T.);
#1532 = CIRCLE('',#1533,3.);
#1533 = AXIS2_PLACEMENT_3D('',#1534,#1535,#1536);
#1534 = CARTESIAN_POINT('',(-14.5,4.5,-0.4));
#1535 = DIRECTION('',(0.,0.,1.));
#1536 = DIRECTION('',(-1.,0.,0.));
#1537 = ORIENTED_EDGE('',*,*,#1394,.T.);
#1538 = ORIENTED_EDGE('',*,*,#717,.F.);
#1539 = CYLINDRICAL_SURFACE('',#1540,3.);
#1540 = AXIS2_PLACEMENT_3D('',#1541,#1542,#1543);
#1541 = CARTESIAN_POINT('',(-14.5,4.5,-4.7));
#1542 = DIRECTION('',(0.,0.,1.));
#1543 = DIRECTION('',(-1.,0.,0.));
#1544 = ADVANCED_FACE('',(#1545),#1556,.F.);
#1545 = FACE_BOUND('',#1546,.F.);
#1546 = EDGE_LOOP('',(#1547,#1553,#1554,#1555));
#1547 = ORIENTED_EDGE('',*,*,#1548,.T.);
#1548 = EDGE_CURVE('',#835,#684,#1549,.T.);
#1549 = LINE('',#1550,#1551);
#1550 = CARTESIAN_POINT('',(-19.7,54.8,-4.7));
#1551 = VECTOR('',#1552,1.);
#1552 = DIRECTION('',(0.,0.,1.));
#1553 = ORIENTED_EDGE('',*,*,#692,.T.);
#1554 = ORIENTED_EDGE('',*,*,#782,.F.);
#1555 = ORIENTED_EDGE('',*,*,#843,.F.);
#1556 = PLANE('',#1557);
#1557 = AXIS2_PLACEMENT_3D('',#1558,#1559,#1560);
#1558 = CARTESIAN_POINT('',(-19.7,1.5,-4.7));
#1559 = DIRECTION('',(1.,0.,0.));
#1560 = DIRECTION('',(0.,0.,1.));
#1561 = ADVANCED_FACE('',(#1562),#1573,.T.);
#1562 = FACE_BOUND('',#1563,.F.);
#1563 = EDGE_LOOP('',(#1564,#1565,#1571,#1572));
#1564 = ORIENTED_EDGE('',*,*,#834,.F.);
#1565 = ORIENTED_EDGE('',*,*,#1566,.T.);
#1566 = EDGE_CURVE('',#827,#676,#1567,.T.);
#1567 = LINE('',#1568,#1569);
#1568 = CARTESIAN_POINT('',(-14.5,60.,-4.7));
#1569 = VECTOR('',#1570,1.);
#1570 = DIRECTION('',(0.,0.,1.));
#1571 = ORIENTED_EDGE('',*,*,#683,.T.);
#1572 = ORIENTED_EDGE('',*,*,#1548,.F.);
#1573 = CYLINDRICAL_SURFACE('',#1574,5.2);
#1574 = AXIS2_PLACEMENT_3D('',#1575,#1576,#1577);
#1575 = CARTESIAN_POINT('',(-14.5,54.8,-4.7));
#1576 = DIRECTION('',(0.,0.,1.));
#1577 = DIRECTION('',(-1.,0.,0.));
#1578 = ADVANCED_FACE('',(#1579),#1590,.T.);
#1579 = FACE_BOUND('',#1580,.T.);
#1580 = EDGE_LOOP('',(#1581,#1587,#1588,#1589));
#1581 = ORIENTED_EDGE('',*,*,#1582,.F.);
#1582 = EDGE_CURVE('',#818,#667,#1583,.T.);
#1583 = LINE('',#1584,#1585);
#1584 = CARTESIAN_POINT('',(84.8,60.,-4.7));
#1585 = VECTOR('',#1586,1.);
#1586 = DIRECTION('',(0.,0.,1.));
#1587 = ORIENTED_EDGE('',*,*,#826,.T.);
#1588 = ORIENTED_EDGE('',*,*,#1566,.T.);
#1589 = ORIENTED_EDGE('',*,*,#675,.T.);
#1590 = PLANE('',#1591);
#1591 = AXIS2_PLACEMENT_3D('',#1592,#1593,#1594);
#1592 = CARTESIAN_POINT('',(-17.5,60.,-4.7));
#1593 = DIRECTION('',(0.,1.,0.));
#1594 = DIRECTION('',(0.,0.,1.));
#1595 = ADVANCED_FACE('',(#1596),#1617,.T.);
#1596 = FACE_BOUND('',#1597,.T.);
#1597 = EDGE_LOOP('',(#1598,#1599,#1600,#1601,#1602,#1610));
#1598 = ORIENTED_EDGE('',*,*,#1006,.F.);
#1599 = ORIENTED_EDGE('',*,*,#817,.T.);
#1600 = ORIENTED_EDGE('',*,*,#1582,.T.);
#1601 = ORIENTED_EDGE('',*,*,#666,.F.);
#1602 = ORIENTED_EDGE('',*,*,#1603,.F.);
#1603 = EDGE_CURVE('',#1604,#659,#1606,.T.);
#1604 = VERTEX_POINT('',#1605);
#1605 = CARTESIAN_POINT('',(89.747726750741,56.4,0.8));
#1606 = LINE('',#1607,#1608);
#1607 = CARTESIAN_POINT('',(89.747726750741,56.4,-4.7));
#1608 = VECTOR('',#1609,1.);
#1609 = DIRECTION('',(0.,0.,1.));
#1610 = ORIENTED_EDGE('',*,*,#1611,.F.);
#1611 = EDGE_CURVE('',#1007,#1604,#1612,.T.);
#1612 = CIRCLE('',#1613,5.2);
#1613 = AXIS2_PLACEMENT_3D('',#1614,#1615,#1616);
#1614 = CARTESIAN_POINT('',(84.8,54.8,0.8));
#1615 = DIRECTION('',(0.,0.,1.));
#1616 = DIRECTION('',(1.,0.,0.));
#1617 = CYLINDRICAL_SURFACE('',#1618,5.2);
#1618 = AXIS2_PLACEMENT_3D('',#1619,#1620,#1621);
#1619 = CARTESIAN_POINT('',(84.8,54.8,-4.7));
#1620 = DIRECTION('',(0.,0.,1.));
#1621 = DIRECTION('',(1.,0.,0.));
#1622 = ADVANCED_FACE('',(#1623),#1641,.F.);
#1623 = FACE_BOUND('',#1624,.F.);
#1624 = EDGE_LOOP('',(#1625,#1633,#1639,#1640));
#1625 = ORIENTED_EDGE('',*,*,#1626,.F.);
#1626 = EDGE_CURVE('',#1627,#1604,#1629,.T.);
#1627 = VERTEX_POINT('',#1628);
#1628 = CARTESIAN_POINT('',(87.33771550809,56.4,0.8));
#1629 = LINE('',#1630,#1631);
#1630 = CARTESIAN_POINT('',(84.,56.4,0.8));
#1631 = VECTOR('',#1632,1.);
#1632 = DIRECTION('',(1.,0.,0.));
#1633 = ORIENTED_EDGE('',*,*,#1634,.T.);
#1634 = EDGE_CURVE('',#1627,#650,#1635,.T.);
#1635 = LINE('',#1636,#1637);
#1636 = CARTESIAN_POINT('',(87.33771550809,56.4,-4.7));
#1637 = VECTOR('',#1638,1.);
#1638 = DIRECTION('',(0.,0.,1.));
#1639 = ORIENTED_EDGE('',*,*,#658,.T.);
#1640 = ORIENTED_EDGE('',*,*,#1603,.F.);
#1641 = PLANE('',#1642);
#1642 = AXIS2_PLACEMENT_3D('',#1643,#1644,#1645);
#1643 = CARTESIAN_POINT('',(84.,56.4,0.8));
#1644 = DIRECTION('',(0.,1.,0.));
#1645 = DIRECTION('',(0.,0.,1.));
#1646 = ADVANCED_FACE('',(#1647),#1683,.F.);
#1647 = FACE_BOUND('',#1648,.F.);
#1648 = EDGE_LOOP('',(#1649,#1659,#1668,#1674,#1675,#1676));
#1649 = ORIENTED_EDGE('',*,*,#1650,.F.);
#1650 = EDGE_CURVE('',#1651,#1653,#1655,.T.);
#1651 = VERTEX_POINT('',#1652);
#1652 = CARTESIAN_POINT('',(87.8,54.8,-2.4));
#1653 = VERTEX_POINT('',#1654);
#1654 = CARTESIAN_POINT('',(87.8,54.8,0.8));
#1655 = LINE('',#1656,#1657);
#1656 = CARTESIAN_POINT('',(87.8,54.8,-4.7));
#1657 = VECTOR('',#1658,1.);
#1658 = DIRECTION('',(0.,0.,1.));
#1659 = ORIENTED_EDGE('',*,*,#1660,.T.);
#1660 = EDGE_CURVE('',#1651,#1661,#1663,.T.);
#1661 = VERTEX_POINT('',#1662);
#1662 = CARTESIAN_POINT('',(84.8,57.8,-2.4));
#1663 = CIRCLE('',#1664,3.);
#1664 = AXIS2_PLACEMENT_3D('',#1665,#1666,#1667);
#1665 = CARTESIAN_POINT('',(84.8,54.8,-2.4));
#1666 = DIRECTION('',(0.,0.,1.));
#1667 = DIRECTION('',(1.,0.,0.));
#1668 = ORIENTED_EDGE('',*,*,#1669,.T.);
#1669 = EDGE_CURVE('',#1661,#642,#1670,.T.);
#1670 = LINE('',#1671,#1672);
#1671 = CARTESIAN_POINT('',(84.8,57.8,-4.7));
#1672 = VECTOR('',#1673,1.);
#1673 = DIRECTION('',(0.,0.,1.));
#1674 = ORIENTED_EDGE('',*,*,#649,.F.);
#1675 = ORIENTED_EDGE('',*,*,#1634,.F.);
#1676 = ORIENTED_EDGE('',*,*,#1677,.F.);
#1677 = EDGE_CURVE('',#1653,#1627,#1678,.T.);
#1678 = CIRCLE('',#1679,3.);
#1679 = AXIS2_PLACEMENT_3D('',#1680,#1681,#1682);
#1680 = CARTESIAN_POINT('',(84.8,54.8,0.8));
#1681 = DIRECTION('',(0.,0.,1.));
#1682 = DIRECTION('',(1.,0.,0.));
#1683 = CYLINDRICAL_SURFACE('',#1684,3.);
#1684 = AXIS2_PLACEMENT_3D('',#1685,#1686,#1687);
#1685 = CARTESIAN_POINT('',(84.8,54.8,-4.7));
#1686 = DIRECTION('',(0.,0.,1.));
#1687 = DIRECTION('',(1.,0.,0.));
#1688 = ADVANCED_FACE('',(#1689),#1807,.F.);
#1689 = FACE_BOUND('',#1690,.F.);
#1690 = EDGE_LOOP('',(#1691,#1701,#1709,#1715,#1716,#1717,#1718,#1719,
    #1720,#1721,#1729,#1737,#1745,#1753,#1761,#1769,#1777,#1785,#1793,
    #1801));
#1691 = ORIENTED_EDGE('',*,*,#1692,.F.);
#1692 = EDGE_CURVE('',#1693,#1695,#1697,.T.);
#1693 = VERTEX_POINT('',#1694);
#1694 = CARTESIAN_POINT('',(2.7,57.8,-4.7));
#1695 = VERTEX_POINT('',#1696);
#1696 = CARTESIAN_POINT('',(4.716011658075,57.8,-4.7));
#1697 = LINE('',#1698,#1699);
#1698 = CARTESIAN_POINT('',(-17.5,57.8,-4.7));
#1699 = VECTOR('',#1700,1.);
#1700 = DIRECTION('',(1.,0.,0.));
#1701 = ORIENTED_EDGE('',*,*,#1702,.F.);
#1702 = EDGE_CURVE('',#1703,#1693,#1705,.T.);
#1703 = VERTEX_POINT('',#1704);
#1704 = CARTESIAN_POINT('',(2.7,57.8,-0.5));
#1705 = LINE('',#1706,#1707);
#1706 = CARTESIAN_POINT('',(2.7,57.8,-4.85));
#1707 = VECTOR('',#1708,1.);
#1708 = DIRECTION('',(0.,0.,-1.));
#1709 = ORIENTED_EDGE('',*,*,#1710,.F.);
#1710 = EDGE_CURVE('',#1354,#1703,#1711,.T.);
#1711 = LINE('',#1712,#1713);
#1712 = CARTESIAN_POINT('',(2.7,57.8,-4.85));
#1713 = VECTOR('',#1714,1.);
#1714 = DIRECTION('',(0.,0.,-1.));
#1715 = ORIENTED_EDGE('',*,*,#1361,.F.);
#1716 = ORIENTED_EDGE('',*,*,#617,.T.);
#1717 = ORIENTED_EDGE('',*,*,#625,.T.);
#1718 = ORIENTED_EDGE('',*,*,#633,.T.);
#1719 = ORIENTED_EDGE('',*,*,#641,.T.);
#1720 = ORIENTED_EDGE('',*,*,#1669,.F.);
#1721 = ORIENTED_EDGE('',*,*,#1722,.T.);
#1722 = EDGE_CURVE('',#1661,#1723,#1725,.T.);
#1723 = VERTEX_POINT('',#1724);
#1724 = CARTESIAN_POINT('',(76.,57.8,-2.4));
#1725 = LINE('',#1726,#1727);
#1726 = CARTESIAN_POINT('',(35.75,57.8,-2.4));
#1727 = VECTOR('',#1728,1.);
#1728 = DIRECTION('',(-1.,0.,0.));
#1729 = ORIENTED_EDGE('',*,*,#1730,.F.);
#1730 = EDGE_CURVE('',#1731,#1723,#1733,.T.);
#1731 = VERTEX_POINT('',#1732);
#1732 = CARTESIAN_POINT('',(75.,57.8,-3.4));
#1733 = LINE('',#1734,#1735);
#1734 = CARTESIAN_POINT('',(51.8,57.8,-26.6));
#1735 = VECTOR('',#1736,1.);
#1736 = DIRECTION('',(0.707106781187,0.,0.707106781187));
#1737 = ORIENTED_EDGE('',*,*,#1738,.T.);
#1738 = EDGE_CURVE('',#1731,#1739,#1741,.T.);
#1739 = VERTEX_POINT('',#1740);
#1740 = CARTESIAN_POINT('',(75.,57.8,-4.7));
#1741 = LINE('',#1742,#1743);
#1742 = CARTESIAN_POINT('',(75.,57.8,-4.85));
#1743 = VECTOR('',#1744,1.);
#1744 = DIRECTION('',(0.,0.,-1.));
#1745 = ORIENTED_EDGE('',*,*,#1746,.F.);
#1746 = EDGE_CURVE('',#1747,#1739,#1749,.T.);
#1747 = VERTEX_POINT('',#1748);
#1748 = CARTESIAN_POINT('',(65.803988341925,57.8,-4.7));
#1749 = LINE('',#1750,#1751);
#1750 = CARTESIAN_POINT('',(-17.5,57.8,-4.7));
#1751 = VECTOR('',#1752,1.);
#1752 = DIRECTION('',(1.,0.,0.));
#1753 = ORIENTED_EDGE('',*,*,#1754,.F.);
#1754 = EDGE_CURVE('',#1755,#1747,#1757,.T.);
#1755 = VERTEX_POINT('',#1756);
#1756 = CARTESIAN_POINT('',(65.803988341925,57.8,-0.5));
#1757 = LINE('',#1758,#1759);
#1758 = CARTESIAN_POINT('',(65.803988341925,57.8,-0.5));
#1759 = VECTOR('',#1760,1.);
#1760 = DIRECTION('',(0.,0.,-1.));
#1761 = ORIENTED_EDGE('',*,*,#1762,.F.);
#1762 = EDGE_CURVE('',#1763,#1755,#1765,.T.);
#1763 = VERTEX_POINT('',#1764);
#1764 = CARTESIAN_POINT('',(62.716011658075,57.8,-0.5));
#1765 = LINE('',#1766,#1767);
#1766 = CARTESIAN_POINT('',(23.38,57.8,-0.5));
#1767 = VECTOR('',#1768,1.);
#1768 = DIRECTION('',(1.,0.,0.));
#1769 = ORIENTED_EDGE('',*,*,#1770,.T.);
#1770 = EDGE_CURVE('',#1763,#1771,#1773,.T.);
#1771 = VERTEX_POINT('',#1772);
#1772 = CARTESIAN_POINT('',(62.716011658075,57.8,-4.7));
#1773 = LINE('',#1774,#1775);
#1774 = CARTESIAN_POINT('',(62.716011658075,57.8,-0.5));
#1775 = VECTOR('',#1776,1.);
#1776 = DIRECTION('',(0.,0.,-1.));
#1777 = ORIENTED_EDGE('',*,*,#1778,.F.);
#1778 = EDGE_CURVE('',#1779,#1771,#1781,.T.);
#1779 = VERTEX_POINT('',#1780);
#1780 = CARTESIAN_POINT('',(7.803988341925,57.8,-4.7));
#1781 = LINE('',#1782,#1783);
#1782 = CARTESIAN_POINT('',(-17.5,57.8,-4.7));
#1783 = VECTOR('',#1784,1.);
#1784 = DIRECTION('',(1.,0.,0.));
#1785 = ORIENTED_EDGE('',*,*,#1786,.F.);
#1786 = EDGE_CURVE('',#1787,#1779,#1789,.T.);
#1787 = VERTEX_POINT('',#1788);
#1788 = CARTESIAN_POINT('',(7.803988341925,57.8,-0.5));
#1789 = LINE('',#1790,#1791);
#1790 = CARTESIAN_POINT('',(7.803988341925,57.8,-0.5));
#1791 = VECTOR('',#1792,1.);
#1792 = DIRECTION('',(0.,0.,-1.));
#1793 = ORIENTED_EDGE('',*,*,#1794,.F.);
#1794 = EDGE_CURVE('',#1795,#1787,#1797,.T.);
#1795 = VERTEX_POINT('',#1796);
#1796 = CARTESIAN_POINT('',(4.716011658075,57.8,-0.5));
#1797 = LINE('',#1798,#1799);
#1798 = CARTESIAN_POINT('',(-5.62,57.8,-0.5));
#1799 = VECTOR('',#1800,1.);
#1800 = DIRECTION('',(1.,0.,0.));
#1801 = ORIENTED_EDGE('',*,*,#1802,.T.);
#1802 = EDGE_CURVE('',#1795,#1695,#1803,.T.);
#1803 = LINE('',#1804,#1805);
#1804 = CARTESIAN_POINT('',(4.716011658075,57.8,-0.5));
#1805 = VECTOR('',#1806,1.);
#1806 = DIRECTION('',(0.,0.,-1.));
#1807 = PLANE('',#1808);
#1808 = AXIS2_PLACEMENT_3D('',#1809,#1810,#1811);
#1809 = CARTESIAN_POINT('',(-17.5,57.8,-4.7));
#1810 = DIRECTION('',(0.,1.,0.));
#1811 = DIRECTION('',(0.,0.,1.));
#1812 = ADVANCED_FACE('',(#1813),#1832,.F.);
#1813 = FACE_BOUND('',#1814,.T.);
#1814 = EDGE_LOOP('',(#1815,#1816,#1824,#1831));
#1815 = ORIENTED_EDGE('',*,*,#852,.T.);
#1816 = ORIENTED_EDGE('',*,*,#1817,.T.);
#1817 = EDGE_CURVE('',#853,#1818,#1820,.T.);
#1818 = VERTEX_POINT('',#1819);
#1819 = CARTESIAN_POINT('',(-6.9,7.,-5.5));
#1820 = LINE('',#1821,#1822);
#1821 = CARTESIAN_POINT('',(-6.9,7.,-7.5));
#1822 = VECTOR('',#1823,1.);
#1823 = DIRECTION('',(0.,0.,1.));
#1824 = ORIENTED_EDGE('',*,*,#1825,.T.);
#1825 = EDGE_CURVE('',#1818,#1818,#1826,.T.);
#1826 = CIRCLE('',#1827,5.1);
#1827 = AXIS2_PLACEMENT_3D('',#1828,#1829,#1830);
#1828 = CARTESIAN_POINT('',(-12.,7.,-5.5));
#1829 = DIRECTION('',(0.,0.,1.));
#1830 = DIRECTION('',(1.,0.,0.));
#1831 = ORIENTED_EDGE('',*,*,#1817,.F.);
#1832 = CYLINDRICAL_SURFACE('',#1833,5.1);
#1833 = AXIS2_PLACEMENT_3D('',#1834,#1835,#1836);
#1834 = CARTESIAN_POINT('',(-12.,7.,-7.5));
#1835 = DIRECTION('',(-0.,-0.,-1.));
#1836 = DIRECTION('',(1.,0.,0.));
#1837 = ADVANCED_FACE('',(#1838),#1857,.F.);
#1838 = FACE_BOUND('',#1839,.T.);
#1839 = EDGE_LOOP('',(#1840,#1848,#1855,#1856));
#1840 = ORIENTED_EDGE('',*,*,#1841,.T.);
#1841 = EDGE_CURVE('',#864,#1842,#1844,.T.);
#1842 = VERTEX_POINT('',#1843);
#1843 = CARTESIAN_POINT('',(8.26,5.1,-4.9));
#1844 = LINE('',#1845,#1846);
#1845 = CARTESIAN_POINT('',(8.26,5.1,-6.9));
#1846 = VECTOR('',#1847,1.);
#1847 = DIRECTION('',(0.,0.,1.));
#1848 = ORIENTED_EDGE('',*,*,#1849,.T.);
#1849 = EDGE_CURVE('',#1842,#1842,#1850,.T.);
#1850 = CIRCLE('',#1851,2.);
#1851 = AXIS2_PLACEMENT_3D('',#1852,#1853,#1854);
#1852 = CARTESIAN_POINT('',(6.26,5.1,-4.9));
#1853 = DIRECTION('',(0.,0.,1.));
#1854 = DIRECTION('',(1.,0.,0.));
#1855 = ORIENTED_EDGE('',*,*,#1841,.F.);
#1856 = ORIENTED_EDGE('',*,*,#863,.F.);
#1857 = CYLINDRICAL_SURFACE('',#1858,2.);
#1858 = AXIS2_PLACEMENT_3D('',#1859,#1860,#1861);
#1859 = CARTESIAN_POINT('',(6.26,5.1,-6.9));
#1860 = DIRECTION('',(-0.,-0.,-1.));
#1861 = DIRECTION('',(1.,0.,0.));
#1862 = ADVANCED_FACE('',(#1863),#1882,.F.);
#1863 = FACE_BOUND('',#1864,.T.);
#1864 = EDGE_LOOP('',(#1865,#1873,#1880,#1881));
#1865 = ORIENTED_EDGE('',*,*,#1866,.T.);
#1866 = EDGE_CURVE('',#875,#1867,#1869,.T.);
#1867 = VERTEX_POINT('',#1868);
#1868 = CARTESIAN_POINT('',(66.26,5.1,-4.9));
#1869 = LINE('',#1870,#1871);
#1870 = CARTESIAN_POINT('',(66.26,5.1,-6.9));
#1871 = VECTOR('',#1872,1.);
#1872 = DIRECTION('',(0.,0.,1.));
#1873 = ORIENTED_EDGE('',*,*,#1874,.T.);
#1874 = EDGE_CURVE('',#1867,#1867,#1875,.T.);
#1875 = CIRCLE('',#1876,2.);
#1876 = AXIS2_PLACEMENT_3D('',#1877,#1878,#1879);
#1877 = CARTESIAN_POINT('',(64.26,5.1,-4.9));
#1878 = DIRECTION('',(0.,0.,1.));
#1879 = DIRECTION('',(1.,0.,0.));
#1880 = ORIENTED_EDGE('',*,*,#1866,.F.);
#1881 = ORIENTED_EDGE('',*,*,#874,.F.);
#1882 = CYLINDRICAL_SURFACE('',#1883,2.);
#1883 = AXIS2_PLACEMENT_3D('',#1884,#1885,#1886);
#1884 = CARTESIAN_POINT('',(64.26,5.1,-6.9));
#1885 = DIRECTION('',(-0.,-0.,-1.));
#1886 = DIRECTION('',(1.,0.,0.));
#1887 = ADVANCED_FACE('',(#1888),#1907,.F.);
#1888 = FACE_BOUND('',#1889,.T.);
#1889 = EDGE_LOOP('',(#1890,#1891,#1899,#1906));
#1890 = ORIENTED_EDGE('',*,*,#885,.T.);
#1891 = ORIENTED_EDGE('',*,*,#1892,.T.);
#1892 = EDGE_CURVE('',#886,#1893,#1895,.T.);
#1893 = VERTEX_POINT('',#1894);
#1894 = CARTESIAN_POINT('',(87.1,7.,-5.5));
#1895 = LINE('',#1896,#1897);
#1896 = CARTESIAN_POINT('',(87.1,7.,-7.5));
#1897 = VECTOR('',#1898,1.);
#1898 = DIRECTION('',(0.,0.,1.));
#1899 = ORIENTED_EDGE('',*,*,#1900,.T.);
#1900 = EDGE_CURVE('',#1893,#1893,#1901,.T.);
#1901 = CIRCLE('',#1902,5.1);
#1902 = AXIS2_PLACEMENT_3D('',#1903,#1904,#1905);
#1903 = CARTESIAN_POINT('',(82.,7.,-5.5));
#1904 = DIRECTION('',(0.,0.,1.));
#1905 = DIRECTION('',(1.,0.,0.));
#1906 = ORIENTED_EDGE('',*,*,#1892,.F.);
#1907 = CYLINDRICAL_SURFACE('',#1908,5.1);
#1908 = AXIS2_PLACEMENT_3D('',#1909,#1910,#1911);
#1909 = CARTESIAN_POINT('',(82.,7.,-7.5));
#1910 = DIRECTION('',(-0.,-0.,-1.));
#1911 = DIRECTION('',(1.,0.,0.));
#1912 = ADVANCED_FACE('',(#1913),#1938,.F.);
#1913 = FACE_BOUND('',#1914,.F.);
#1914 = EDGE_LOOP('',(#1915,#1925,#1931,#1932));
#1915 = ORIENTED_EDGE('',*,*,#1916,.F.);
#1916 = EDGE_CURVE('',#1917,#1919,#1921,.T.);
#1917 = VERTEX_POINT('',#1918);
#1918 = CARTESIAN_POINT('',(2.7,23.35,-4.9));
#1919 = VERTEX_POINT('',#1920);
#1920 = CARTESIAN_POINT('',(2.7,36.35,-4.9));
#1921 = LINE('',#1922,#1923);
#1922 = CARTESIAN_POINT('',(2.7,20.35,-4.9));
#1923 = VECTOR('',#1924,1.);
#1924 = DIRECTION('',(0.,1.,0.));
#1925 = ORIENTED_EDGE('',*,*,#1926,.F.);
#1926 = EDGE_CURVE('',#897,#1917,#1927,.T.);
#1927 = LINE('',#1928,#1929);
#1928 = CARTESIAN_POINT('',(2.7,23.35,-7.));
#1929 = VECTOR('',#1930,1.);
#1930 = DIRECTION('',(0.,0.,1.));
#1931 = ORIENTED_EDGE('',*,*,#896,.T.);
#1932 = ORIENTED_EDGE('',*,*,#1933,.T.);
#1933 = EDGE_CURVE('',#899,#1919,#1934,.T.);
#1934 = LINE('',#1935,#1936);
#1935 = CARTESIAN_POINT('',(2.7,36.35,-7.));
#1936 = VECTOR('',#1937,1.);
#1937 = DIRECTION('',(0.,0.,1.));
#1938 = PLANE('',#1939);
#1939 = AXIS2_PLACEMENT_3D('',#1940,#1941,#1942);
#1940 = CARTESIAN_POINT('',(2.7,23.35,-7.));
#1941 = DIRECTION('',(1.,0.,0.));
#1942 = DIRECTION('',(0.,0.,1.));
#1943 = ADVANCED_FACE('',(#1944),#1987,.F.);
#1944 = FACE_BOUND('',#1945,.F.);
#1945 = EDGE_LOOP('',(#1946,#1955,#1963,#1971,#1979,#1985,#1986));
#1946 = ORIENTED_EDGE('',*,*,#1947,.T.);
#1947 = EDGE_CURVE('',#915,#1948,#1950,.T.);
#1948 = VERTEX_POINT('',#1949);
#1949 = CARTESIAN_POINT('',(-8.51,36.35,-0.5));
#1950 = CIRCLE('',#1951,6.49);
#1951 = AXIS2_PLACEMENT_3D('',#1952,#1953,#1954);
#1952 = CARTESIAN_POINT('',(-8.51,36.35,-6.99));
#1953 = DIRECTION('',(0.,1.,0.));
#1954 = DIRECTION('',(0.,0.,1.));
#1955 = ORIENTED_EDGE('',*,*,#1956,.T.);
#1956 = EDGE_CURVE('',#1948,#1957,#1959,.T.);
#1957 = VERTEX_POINT('',#1958);
#1958 = CARTESIAN_POINT('',(2.7,36.35,-0.5));
#1959 = LINE('',#1960,#1961);
#1960 = CARTESIAN_POINT('',(-15.,36.35,-0.5));
#1961 = VECTOR('',#1962,1.);
#1962 = DIRECTION('',(1.,0.,0.));
#1963 = ORIENTED_EDGE('',*,*,#1964,.F.);
#1964 = EDGE_CURVE('',#1965,#1957,#1967,.T.);
#1965 = VERTEX_POINT('',#1966);
#1966 = CARTESIAN_POINT('',(2.7,36.35,-2.4));
#1967 = LINE('',#1968,#1969);
#1968 = CARTESIAN_POINT('',(2.7,36.35,-7.));
#1969 = VECTOR('',#1970,1.);
#1970 = DIRECTION('',(0.,0.,1.));
#1971 = ORIENTED_EDGE('',*,*,#1972,.F.);
#1972 = EDGE_CURVE('',#1973,#1965,#1975,.T.);
#1973 = VERTEX_POINT('',#1974);
#1974 = CARTESIAN_POINT('',(2.7,36.35,-4.7));
#1975 = LINE('',#1976,#1977);
#1976 = CARTESIAN_POINT('',(2.7,36.35,-7.));
#1977 = VECTOR('',#1978,1.);
#1978 = DIRECTION('',(0.,0.,1.));
#1979 = ORIENTED_EDGE('',*,*,#1980,.F.);
#1980 = EDGE_CURVE('',#1919,#1973,#1981,.T.);
#1981 = LINE('',#1982,#1983);
#1982 = CARTESIAN_POINT('',(2.7,36.35,-7.));
#1983 = VECTOR('',#1984,1.);
#1984 = DIRECTION('',(0.,0.,1.));
#1985 = ORIENTED_EDGE('',*,*,#1933,.F.);
#1986 = ORIENTED_EDGE('',*,*,#922,.T.);
#1987 = PLANE('',#1988);
#1988 = AXIS2_PLACEMENT_3D('',#1989,#1990,#1991);
#1989 = CARTESIAN_POINT('',(-15.,36.35,-7.));
#1990 = DIRECTION('',(0.,1.,0.));
#1991 = DIRECTION('',(0.,0.,1.));
#1992 = ADVANCED_FACE('',(#1993),#2012,.F.);
#1993 = FACE_BOUND('',#1994,.F.);
#1994 = EDGE_LOOP('',(#1995,#1996,#2005,#2011));
#1995 = ORIENTED_EDGE('',*,*,#914,.F.);
#1996 = ORIENTED_EDGE('',*,*,#1997,.T.);
#1997 = EDGE_CURVE('',#907,#1998,#2000,.T.);
#1998 = VERTEX_POINT('',#1999);
#1999 = CARTESIAN_POINT('',(-8.51,23.35,-0.5));
#2000 = CIRCLE('',#2001,6.49);
#2001 = AXIS2_PLACEMENT_3D('',#2002,#2003,#2004);
#2002 = CARTESIAN_POINT('',(-8.51,23.35,-6.99));
#2003 = DIRECTION('',(0.,1.,0.));
#2004 = DIRECTION('',(0.,0.,1.));
#2005 = ORIENTED_EDGE('',*,*,#2006,.T.);
#2006 = EDGE_CURVE('',#1998,#1948,#2007,.T.);
#2007 = LINE('',#2008,#2009);
#2008 = CARTESIAN_POINT('',(-8.51,23.35,-0.5));
#2009 = VECTOR('',#2010,1.);
#2010 = DIRECTION('',(0.,1.,0.));
#2011 = ORIENTED_EDGE('',*,*,#1947,.F.);
#2012 = CYLINDRICAL_SURFACE('',#2013,6.49);
#2013 = AXIS2_PLACEMENT_3D('',#2014,#2015,#2016);
#2014 = CARTESIAN_POINT('',(-8.51,23.35,-6.99));
#2015 = DIRECTION('',(0.,1.,0.));
#2016 = DIRECTION('',(-1.,0.,0.));
#2017 = ADVANCED_FACE('',(#2018),#2053,.T.);
#2018 = FACE_BOUND('',#2019,.T.);
#2019 = EDGE_LOOP('',(#2020,#2021,#2029,#2037,#2045,#2051,#2052));
#2020 = ORIENTED_EDGE('',*,*,#1997,.T.);
#2021 = ORIENTED_EDGE('',*,*,#2022,.T.);
#2022 = EDGE_CURVE('',#1998,#2023,#2025,.T.);
#2023 = VERTEX_POINT('',#2024);
#2024 = CARTESIAN_POINT('',(2.7,23.35,-0.5));
#2025 = LINE('',#2026,#2027);
#2026 = CARTESIAN_POINT('',(-15.,23.35,-0.5));
#2027 = VECTOR('',#2028,1.);
#2028 = DIRECTION('',(1.,0.,0.));
#2029 = ORIENTED_EDGE('',*,*,#2030,.F.);
#2030 = EDGE_CURVE('',#2031,#2023,#2033,.T.);
#2031 = VERTEX_POINT('',#2032);
#2032 = CARTESIAN_POINT('',(2.7,23.35,-2.4));
#2033 = LINE('',#2034,#2035);
#2034 = CARTESIAN_POINT('',(2.7,23.35,-7.));
#2035 = VECTOR('',#2036,1.);
#2036 = DIRECTION('',(0.,0.,1.));
#2037 = ORIENTED_EDGE('',*,*,#2038,.F.);
#2038 = EDGE_CURVE('',#2039,#2031,#2041,.T.);
#2039 = VERTEX_POINT('',#2040);
#2040 = CARTESIAN_POINT('',(2.7,23.35,-4.7));
#2041 = LINE('',#2042,#2043);
#2042 = CARTESIAN_POINT('',(2.7,23.35,-7.));
#2043 = VECTOR('',#2044,1.);
#2044 = DIRECTION('',(0.,0.,1.));
#2045 = ORIENTED_EDGE('',*,*,#2046,.F.);
#2046 = EDGE_CURVE('',#1917,#2039,#2047,.T.);
#2047 = LINE('',#2048,#2049);
#2048 = CARTESIAN_POINT('',(2.7,23.35,-7.));
#2049 = VECTOR('',#2050,1.);
#2050 = DIRECTION('',(0.,0.,1.));
#2051 = ORIENTED_EDGE('',*,*,#1926,.F.);
#2052 = ORIENTED_EDGE('',*,*,#906,.T.);
#2053 = PLANE('',#2054);
#2054 = AXIS2_PLACEMENT_3D('',#2055,#2056,#2057);
#2055 = CARTESIAN_POINT('',(-15.,23.35,-7.));
#2056 = DIRECTION('',(0.,1.,0.));
#2057 = DIRECTION('',(0.,0.,1.));
#2058 = ADVANCED_FACE('',(#2059),#2078,.F.);
#2059 = FACE_BOUND('',#2060,.T.);
#2060 = EDGE_LOOP('',(#2061,#2062,#2070,#2077));
#2061 = ORIENTED_EDGE('',*,*,#930,.T.);
#2062 = ORIENTED_EDGE('',*,*,#2063,.T.);
#2063 = EDGE_CURVE('',#931,#2064,#2066,.T.);
#2064 = VERTEX_POINT('',#2065);
#2065 = CARTESIAN_POINT('',(-6.9,52.3,-5.5));
#2066 = LINE('',#2067,#2068);
#2067 = CARTESIAN_POINT('',(-6.9,52.3,-7.5));
#2068 = VECTOR('',#2069,1.);
#2069 = DIRECTION('',(0.,0.,1.));
#2070 = ORIENTED_EDGE('',*,*,#2071,.T.);
#2071 = EDGE_CURVE('',#2064,#2064,#2072,.T.);
#2072 = CIRCLE('',#2073,5.1);
#2073 = AXIS2_PLACEMENT_3D('',#2074,#2075,#2076);
#2074 = CARTESIAN_POINT('',(-12.,52.3,-5.5));
#2075 = DIRECTION('',(0.,0.,1.));
#2076 = DIRECTION('',(1.,0.,0.));
#2077 = ORIENTED_EDGE('',*,*,#2063,.F.);
#2078 = CYLINDRICAL_SURFACE('',#2079,5.1);
#2079 = AXIS2_PLACEMENT_3D('',#2080,#2081,#2082);
#2080 = CARTESIAN_POINT('',(-12.,52.3,-7.5));
#2081 = DIRECTION('',(-0.,-0.,-1.));
#2082 = DIRECTION('',(1.,0.,0.));
#2083 = ADVANCED_FACE('',(#2084),#2103,.F.);
#2084 = FACE_BOUND('',#2085,.T.);
#2085 = EDGE_LOOP('',(#2086,#2094,#2101,#2102));
#2086 = ORIENTED_EDGE('',*,*,#2087,.T.);
#2087 = EDGE_CURVE('',#942,#2088,#2090,.T.);
#2088 = VERTEX_POINT('',#2089);
#2089 = CARTESIAN_POINT('',(8.26,54.1,-4.9));
#2090 = LINE('',#2091,#2092);
#2091 = CARTESIAN_POINT('',(8.26,54.1,-6.9));
#2092 = VECTOR('',#2093,1.);
#2093 = DIRECTION('',(0.,0.,1.));
#2094 = ORIENTED_EDGE('',*,*,#2095,.T.);
#2095 = EDGE_CURVE('',#2088,#2088,#2096,.T.);
#2096 = CIRCLE('',#2097,2.);
#2097 = AXIS2_PLACEMENT_3D('',#2098,#2099,#2100);
#2098 = CARTESIAN_POINT('',(6.26,54.1,-4.9));
#2099 = DIRECTION('',(0.,0.,1.));
#2100 = DIRECTION('',(1.,0.,0.));
#2101 = ORIENTED_EDGE('',*,*,#2087,.F.);
#2102 = ORIENTED_EDGE('',*,*,#941,.F.);
#2103 = CYLINDRICAL_SURFACE('',#2104,2.);
#2104 = AXIS2_PLACEMENT_3D('',#2105,#2106,#2107);
#2105 = CARTESIAN_POINT('',(6.26,54.1,-6.9));
#2106 = DIRECTION('',(-0.,-0.,-1.));
#2107 = DIRECTION('',(1.,0.,0.));
#2108 = ADVANCED_FACE('',(#2109),#2128,.F.);
#2109 = FACE_BOUND('',#2110,.T.);
#2110 = EDGE_LOOP('',(#2111,#2119,#2126,#2127));
#2111 = ORIENTED_EDGE('',*,*,#2112,.T.);
#2112 = EDGE_CURVE('',#953,#2113,#2115,.T.);
#2113 = VERTEX_POINT('',#2114);
#2114 = CARTESIAN_POINT('',(66.26,54.1,-4.9));
#2115 = LINE('',#2116,#2117);
#2116 = CARTESIAN_POINT('',(66.26,54.1,-6.9));
#2117 = VECTOR('',#2118,1.);
#2118 = DIRECTION('',(0.,0.,1.));
#2119 = ORIENTED_EDGE('',*,*,#2120,.T.);
#2120 = EDGE_CURVE('',#2113,#2113,#2121,.T.);
#2121 = CIRCLE('',#2122,2.);
#2122 = AXIS2_PLACEMENT_3D('',#2123,#2124,#2125);
#2123 = CARTESIAN_POINT('',(64.26,54.1,-4.9));
#2124 = DIRECTION('',(0.,0.,1.));
#2125 = DIRECTION('',(1.,0.,0.));
#2126 = ORIENTED_EDGE('',*,*,#2112,.F.);
#2127 = ORIENTED_EDGE('',*,*,#952,.F.);
#2128 = CYLINDRICAL_SURFACE('',#2129,2.);
#2129 = AXIS2_PLACEMENT_3D('',#2130,#2131,#2132);
#2130 = CARTESIAN_POINT('',(64.26,54.1,-6.9));
#2131 = DIRECTION('',(-0.,-0.,-1.));
#2132 = DIRECTION('',(1.,0.,0.));
#2133 = ADVANCED_FACE('',(#2134),#2153,.F.);
#2134 = FACE_BOUND('',#2135,.T.);
#2135 = EDGE_LOOP('',(#2136,#2137,#2145,#2152));
#2136 = ORIENTED_EDGE('',*,*,#963,.T.);
#2137 = ORIENTED_EDGE('',*,*,#2138,.T.);
#2138 = EDGE_CURVE('',#964,#2139,#2141,.T.);
#2139 = VERTEX_POINT('',#2140);
#2140 = CARTESIAN_POINT('',(87.1,52.3,-5.5));
#2141 = LINE('',#2142,#2143);
#2142 = CARTESIAN_POINT('',(87.1,52.3,-7.5));
#2143 = VECTOR('',#2144,1.);
#2144 = DIRECTION('',(0.,0.,1.));
#2145 = ORIENTED_EDGE('',*,*,#2146,.T.);
#2146 = EDGE_CURVE('',#2139,#2139,#2147,.T.);
#2147 = CIRCLE('',#2148,5.1);
#2148 = AXIS2_PLACEMENT_3D('',#2149,#2150,#2151);
#2149 = CARTESIAN_POINT('',(82.,52.3,-5.5));
#2150 = DIRECTION('',(0.,0.,1.));
#2151 = DIRECTION('',(1.,0.,0.));
#2152 = ORIENTED_EDGE('',*,*,#2138,.F.);
#2153 = CYLINDRICAL_SURFACE('',#2154,5.1);
#2154 = AXIS2_PLACEMENT_3D('',#2155,#2156,#2157);
#2155 = CARTESIAN_POINT('',(82.,52.3,-7.5));
#2156 = DIRECTION('',(-0.,-0.,-1.));
#2157 = DIRECTION('',(1.,0.,0.));
#2158 = ADVANCED_FACE('',(#2159),#2184,.T.);
#2159 = FACE_BOUND('',#2160,.T.);
#2160 = EDGE_LOOP('',(#2161,#2162,#2170,#2178));
#2161 = ORIENTED_EDGE('',*,*,#980,.F.);
#2162 = ORIENTED_EDGE('',*,*,#2163,.F.);
#2163 = EDGE_CURVE('',#2164,#981,#2166,.T.);
#2164 = VERTEX_POINT('',#2165);
#2165 = CARTESIAN_POINT('',(87.8,23.,1.));
#2166 = LINE('',#2167,#2168);
#2167 = CARTESIAN_POINT('',(29.5,23.,1.));
#2168 = VECTOR('',#2169,1.);
#2169 = DIRECTION('',(1.,0.,0.));
#2170 = ORIENTED_EDGE('',*,*,#2171,.T.);
#2171 = EDGE_CURVE('',#2164,#2172,#2174,.T.);
#2172 = VERTEX_POINT('',#2173);
#2173 = CARTESIAN_POINT('',(87.8,20.25,1.));
#2174 = LINE('',#2175,#2176);
#2175 = CARTESIAN_POINT('',(87.8,-2.25,1.));
#2176 = VECTOR('',#2177,1.);
#2177 = DIRECTION('',(0.,-1.,0.));
#2178 = ORIENTED_EDGE('',*,*,#2179,.T.);
#2179 = EDGE_CURVE('',#2172,#983,#2180,.T.);
#2180 = LINE('',#2181,#2182);
#2181 = CARTESIAN_POINT('',(29.5,20.25,1.));
#2182 = VECTOR('',#2183,1.);
#2183 = DIRECTION('',(1.,0.,0.));
#2184 = PLANE('',#2185);
#2185 = AXIS2_PLACEMENT_3D('',#2186,#2187,#2188);
#2186 = CARTESIAN_POINT('',(-25.,-6.,1.));
#2187 = DIRECTION('',(0.,0.,1.));
#2188 = DIRECTION('',(1.,0.,0.));
#2189 = ADVANCED_FACE('',(#2190),#2208,.T.);
#2190 = FACE_BOUND('',#2191,.T.);
#2191 = EDGE_LOOP('',(#2192,#2200,#2206,#2207));
#2192 = ORIENTED_EDGE('',*,*,#2193,.F.);
#2193 = EDGE_CURVE('',#2194,#1047,#2196,.T.);
#2194 = VERTEX_POINT('',#2195);
#2195 = CARTESIAN_POINT('',(87.8,23.,0.8));
#2196 = LINE('',#2197,#2198);
#2197 = CARTESIAN_POINT('',(84.,23.,0.8));
#2198 = VECTOR('',#2199,1.);
#2199 = DIRECTION('',(1.,0.,0.));
#2200 = ORIENTED_EDGE('',*,*,#2201,.T.);
#2201 = EDGE_CURVE('',#2194,#2164,#2202,.T.);
#2202 = LINE('',#2203,#2204);
#2203 = CARTESIAN_POINT('',(87.8,23.,-1.95));
#2204 = VECTOR('',#2205,1.);
#2205 = DIRECTION('',(0.,0.,1.));
#2206 = ORIENTED_EDGE('',*,*,#2163,.T.);
#2207 = ORIENTED_EDGE('',*,*,#1054,.F.);
#2208 = PLANE('',#2209);
#2209 = AXIS2_PLACEMENT_3D('',#2210,#2211,#2212);
#2210 = CARTESIAN_POINT('',(84.,23.,0.8));
#2211 = DIRECTION('',(0.,1.,0.));
#2212 = DIRECTION('',(0.,0.,1.));
#2213 = ADVANCED_FACE('',(#2214),#2232,.T.);
#2214 = FACE_BOUND('',#2215,.T.);
#2215 = EDGE_LOOP('',(#2216,#2224,#2230,#2231));
#2216 = ORIENTED_EDGE('',*,*,#2217,.F.);
#2217 = EDGE_CURVE('',#2218,#1039,#2220,.T.);
#2218 = VERTEX_POINT('',#2219);
#2219 = CARTESIAN_POINT('',(87.8,38.4,0.8));
#2220 = LINE('',#2221,#2222);
#2221 = CARTESIAN_POINT('',(84.,38.4,0.8));
#2222 = VECTOR('',#2223,1.);
#2223 = DIRECTION('',(1.,0.,0.));
#2224 = ORIENTED_EDGE('',*,*,#2225,.T.);
#2225 = EDGE_CURVE('',#2218,#2194,#2226,.T.);
#2226 = LINE('',#2227,#2228);
#2227 = CARTESIAN_POINT('',(87.8,12.25,0.8));
#2228 = VECTOR('',#2229,1.);
#2229 = DIRECTION('',(0.,-1.,0.));
#2230 = ORIENTED_EDGE('',*,*,#2193,.T.);
#2231 = ORIENTED_EDGE('',*,*,#1046,.F.);
#2232 = PLANE('',#2233);
#2233 = AXIS2_PLACEMENT_3D('',#2234,#2235,#2236);
#2234 = CARTESIAN_POINT('',(84.,23.,0.8));
#2235 = DIRECTION('',(0.,0.,1.));
#2236 = DIRECTION('',(1.,0.,0.));
#2237 = ADVANCED_FACE('',(#2238),#2256,.F.);
#2238 = FACE_BOUND('',#2239,.F.);
#2239 = EDGE_LOOP('',(#2240,#2241,#2249,#2255));
#2240 = ORIENTED_EDGE('',*,*,#2217,.F.);
#2241 = ORIENTED_EDGE('',*,*,#2242,.T.);
#2242 = EDGE_CURVE('',#2218,#2243,#2245,.T.);
#2243 = VERTEX_POINT('',#2244);
#2244 = CARTESIAN_POINT('',(87.8,38.4,1.));
#2245 = LINE('',#2246,#2247);
#2246 = CARTESIAN_POINT('',(87.8,38.4,-1.95));
#2247 = VECTOR('',#2248,1.);
#2248 = DIRECTION('',(0.,0.,1.));
#2249 = ORIENTED_EDGE('',*,*,#2250,.T.);
#2250 = EDGE_CURVE('',#2243,#1031,#2251,.T.);
#2251 = LINE('',#2252,#2253);
#2252 = CARTESIAN_POINT('',(29.5,38.4,1.));
#2253 = VECTOR('',#2254,1.);
#2254 = DIRECTION('',(1.,0.,0.));
#2255 = ORIENTED_EDGE('',*,*,#1038,.F.);
#2256 = PLANE('',#2257);
#2257 = AXIS2_PLACEMENT_3D('',#2258,#2259,#2260);
#2258 = CARTESIAN_POINT('',(84.,38.4,0.8));
#2259 = DIRECTION('',(0.,1.,0.));
#2260 = DIRECTION('',(0.,0.,1.));
#2261 = ADVANCED_FACE('',(#2262),#2280,.T.);
#2262 = FACE_BOUND('',#2263,.T.);
#2263 = EDGE_LOOP('',(#2264,#2265,#2273,#2279));
#2264 = ORIENTED_EDGE('',*,*,#1030,.F.);
#2265 = ORIENTED_EDGE('',*,*,#2266,.F.);
#2266 = EDGE_CURVE('',#2267,#1023,#2269,.T.);
#2267 = VERTEX_POINT('',#2268);
#2268 = CARTESIAN_POINT('',(87.8,41.,1.));
#2269 = LINE('',#2270,#2271);
#2270 = CARTESIAN_POINT('',(29.5,41.,1.));
#2271 = VECTOR('',#2272,1.);
#2272 = DIRECTION('',(1.,0.,0.));
#2273 = ORIENTED_EDGE('',*,*,#2274,.T.);
#2274 = EDGE_CURVE('',#2267,#2243,#2275,.T.);
#2275 = LINE('',#2276,#2277);
#2276 = CARTESIAN_POINT('',(87.8,-2.25,1.));
#2277 = VECTOR('',#2278,1.);
#2278 = DIRECTION('',(0.,-1.,0.));
#2279 = ORIENTED_EDGE('',*,*,#2250,.T.);
#2280 = PLANE('',#2281);
#2281 = AXIS2_PLACEMENT_3D('',#2282,#2283,#2284);
#2282 = CARTESIAN_POINT('',(-25.,-6.,1.));
#2283 = DIRECTION('',(0.,0.,1.));
#2284 = DIRECTION('',(1.,0.,0.));
#2285 = ADVANCED_FACE('',(#2286),#2304,.T.);
#2286 = FACE_BOUND('',#2287,.T.);
#2287 = EDGE_LOOP('',(#2288,#2296,#2302,#2303));
#2288 = ORIENTED_EDGE('',*,*,#2289,.F.);
#2289 = EDGE_CURVE('',#2290,#1015,#2292,.T.);
#2290 = VERTEX_POINT('',#2291);
#2291 = CARTESIAN_POINT('',(87.8,41.,0.8));
#2292 = LINE('',#2293,#2294);
#2293 = CARTESIAN_POINT('',(84.,41.,0.8));
#2294 = VECTOR('',#2295,1.);
#2295 = DIRECTION('',(1.,0.,0.));
#2296 = ORIENTED_EDGE('',*,*,#2297,.T.);
#2297 = EDGE_CURVE('',#2290,#2267,#2298,.T.);
#2298 = LINE('',#2299,#2300);
#2299 = CARTESIAN_POINT('',(87.8,41.,-1.95));
#2300 = VECTOR('',#2301,1.);
#2301 = DIRECTION('',(0.,0.,1.));
#2302 = ORIENTED_EDGE('',*,*,#2266,.T.);
#2303 = ORIENTED_EDGE('',*,*,#1022,.F.);
#2304 = PLANE('',#2305);
#2305 = AXIS2_PLACEMENT_3D('',#2306,#2307,#2308);
#2306 = CARTESIAN_POINT('',(84.,41.,0.8));
#2307 = DIRECTION('',(0.,1.,0.));
#2308 = DIRECTION('',(0.,0.,1.));
#2309 = ADVANCED_FACE('',(#2310),#2323,.T.);
#2310 = FACE_BOUND('',#2311,.T.);
#2311 = EDGE_LOOP('',(#2312,#2313,#2314,#2320,#2321,#2322));
#2312 = ORIENTED_EDGE('',*,*,#1626,.F.);
#2313 = ORIENTED_EDGE('',*,*,#1677,.F.);
#2314 = ORIENTED_EDGE('',*,*,#2315,.T.);
#2315 = EDGE_CURVE('',#1653,#2290,#2316,.T.);
#2316 = LINE('',#2317,#2318);
#2317 = CARTESIAN_POINT('',(87.8,21.25,0.8));
#2318 = VECTOR('',#2319,1.);
#2319 = DIRECTION('',(0.,-1.,0.));
#2320 = ORIENTED_EDGE('',*,*,#2289,.T.);
#2321 = ORIENTED_EDGE('',*,*,#1014,.F.);
#2322 = ORIENTED_EDGE('',*,*,#1611,.T.);
#2323 = PLANE('',#2324);
#2324 = AXIS2_PLACEMENT_3D('',#2325,#2326,#2327);
#2325 = CARTESIAN_POINT('',(84.,41.,0.8));
#2326 = DIRECTION('',(0.,0.,1.));
#2327 = DIRECTION('',(1.,0.,0.));
#2328 = ADVANCED_FACE('',(#2329),#2340,.F.);
#2329 = FACE_BOUND('',#2330,.F.);
#2330 = EDGE_LOOP('',(#2331,#2332,#2338,#2339));
#2331 = ORIENTED_EDGE('',*,*,#1068,.F.);
#2332 = ORIENTED_EDGE('',*,*,#2333,.T.);
#2333 = EDGE_CURVE('',#1069,#2172,#2334,.T.);
#2334 = LINE('',#2335,#2336);
#2335 = CARTESIAN_POINT('',(87.8,20.25,-1.95));
#2336 = VECTOR('',#2337,1.);
#2337 = DIRECTION('',(0.,0.,1.));
#2338 = ORIENTED_EDGE('',*,*,#2179,.T.);
#2339 = ORIENTED_EDGE('',*,*,#990,.F.);
#2340 = PLANE('',#2341);
#2341 = AXIS2_PLACEMENT_3D('',#2342,#2343,#2344);
#2342 = CARTESIAN_POINT('',(84.,20.25,0.8));
#2343 = DIRECTION('',(0.,1.,0.));
#2344 = DIRECTION('',(0.,0.,1.));
#2345 = ADVANCED_FACE('',(#2346),#2365,.F.);
#2346 = FACE_BOUND('',#2347,.F.);
#2347 = EDGE_LOOP('',(#2348,#2349,#2350,#2351,#2352,#2358,#2359,#2360,
    #2361,#2362,#2363,#2364));
#2348 = ORIENTED_EDGE('',*,*,#2171,.T.);
#2349 = ORIENTED_EDGE('',*,*,#2333,.F.);
#2350 = ORIENTED_EDGE('',*,*,#1076,.T.);
#2351 = ORIENTED_EDGE('',*,*,#1272,.F.);
#2352 = ORIENTED_EDGE('',*,*,#2353,.T.);
#2353 = EDGE_CURVE('',#1273,#1651,#2354,.T.);
#2354 = LINE('',#2355,#2356);
#2355 = CARTESIAN_POINT('',(87.8,29.925,-2.4));
#2356 = VECTOR('',#2357,1.);
#2357 = DIRECTION('',(0.,1.,0.));
#2358 = ORIENTED_EDGE('',*,*,#1650,.T.);
#2359 = ORIENTED_EDGE('',*,*,#2315,.T.);
#2360 = ORIENTED_EDGE('',*,*,#2297,.T.);
#2361 = ORIENTED_EDGE('',*,*,#2274,.T.);
#2362 = ORIENTED_EDGE('',*,*,#2242,.F.);
#2363 = ORIENTED_EDGE('',*,*,#2225,.T.);
#2364 = ORIENTED_EDGE('',*,*,#2201,.T.);
#2365 = PLANE('',#2366);
#2366 = AXIS2_PLACEMENT_3D('',#2367,#2368,#2369);
#2367 = CARTESIAN_POINT('',(87.8,1.5,-4.7));
#2368 = DIRECTION('',(1.,0.,0.));
#2369 = DIRECTION('',(0.,0.,1.));
#2370 = ADVANCED_FACE('',(#2371),#2389,.T.);
#2371 = FACE_BOUND('',#2372,.T.);
#2372 = EDGE_LOOP('',(#2373,#2381,#2382));
#2373 = ORIENTED_EDGE('',*,*,#2374,.F.);
#2374 = EDGE_CURVE('',#1127,#2375,#2377,.T.);
#2375 = VERTEX_POINT('',#2376);
#2376 = CARTESIAN_POINT('',(2.7,3.286157901572,-4.7));
#2377 = LINE('',#2378,#2379);
#2378 = CARTESIAN_POINT('',(2.7,1.25,-4.7));
#2379 = VECTOR('',#2380,1.);
#2380 = DIRECTION('',(0.,1.,0.));
#2381 = ORIENTED_EDGE('',*,*,#1126,.T.);
#2382 = ORIENTED_EDGE('',*,*,#2383,.T.);
#2383 = EDGE_CURVE('',#1129,#2375,#2384,.T.);
#2384 = CIRCLE('',#2385,4.);
#2385 = AXIS2_PLACEMENT_3D('',#2386,#2387,#2388);
#2386 = CARTESIAN_POINT('',(6.26,5.11,-4.7));
#2387 = DIRECTION('',(0.,0.,-1.));
#2388 = DIRECTION('',(2.22044604925E-16,1.,0.));
#2389 = PLANE('',#2390);
#2390 = AXIS2_PLACEMENT_3D('',#2391,#2392,#2393);
#2391 = CARTESIAN_POINT('',(-17.5,1.5,-4.7));
#2392 = DIRECTION('',(0.,0.,1.));
#2393 = DIRECTION('',(1.,0.,0.));
#2394 = ADVANCED_FACE('',(#2395),#2414,.T.);
#2395 = FACE_BOUND('',#2396,.T.);
#2396 = EDGE_LOOP('',(#2397,#2405,#2406,#2407));
#2397 = ORIENTED_EDGE('',*,*,#2398,.T.);
#2398 = EDGE_CURVE('',#2399,#2375,#2401,.T.);
#2399 = VERTEX_POINT('',#2400);
#2400 = CARTESIAN_POINT('',(2.7,3.286157901572,-0.5));
#2401 = LINE('',#2402,#2403);
#2402 = CARTESIAN_POINT('',(2.7,3.286157901572,-0.5));
#2403 = VECTOR('',#2404,1.);
#2404 = DIRECTION('',(0.,0.,-1.));
#2405 = ORIENTED_EDGE('',*,*,#2383,.F.);
#2406 = ORIENTED_EDGE('',*,*,#1258,.F.);
#2407 = ORIENTED_EDGE('',*,*,#2408,.T.);
#2408 = EDGE_CURVE('',#1251,#2399,#2409,.T.);
#2409 = CIRCLE('',#2410,4.);
#2410 = AXIS2_PLACEMENT_3D('',#2411,#2412,#2413);
#2411 = CARTESIAN_POINT('',(6.26,5.11,-0.5));
#2412 = DIRECTION('',(0.,0.,-1.));
#2413 = DIRECTION('',(2.22044604925E-16,1.,0.));
#2414 = CYLINDRICAL_SURFACE('',#2415,4.);
#2415 = AXIS2_PLACEMENT_3D('',#2416,#2417,#2418);
#2416 = CARTESIAN_POINT('',(6.26,5.11,-0.5));
#2417 = DIRECTION('',(0.,0.,-1.));
#2418 = DIRECTION('',(2.22044604925E-16,1.,0.));
#2419 = ADVANCED_FACE('',(#2420,#2448),#2486,.F.);
#2420 = FACE_BOUND('',#2421,.F.);
#2421 = EDGE_LOOP('',(#2422,#2423,#2424,#2432,#2441));
#2422 = ORIENTED_EDGE('',*,*,#1250,.F.);
#2423 = ORIENTED_EDGE('',*,*,#2408,.T.);
#2424 = ORIENTED_EDGE('',*,*,#2425,.F.);
#2425 = EDGE_CURVE('',#2426,#2399,#2428,.T.);
#2426 = VERTEX_POINT('',#2427);
#2427 = CARTESIAN_POINT('',(2.7,6.933842098428,-0.5));
#2428 = LINE('',#2429,#2430);
#2429 = CARTESIAN_POINT('',(2.7,3.055,-0.5));
#2430 = VECTOR('',#2431,1.);
#2431 = DIRECTION('',(0.,-1.,0.));
#2432 = ORIENTED_EDGE('',*,*,#2433,.T.);
#2433 = EDGE_CURVE('',#2426,#2434,#2436,.T.);
#2434 = VERTEX_POINT('',#2435);
#2435 = CARTESIAN_POINT('',(6.26,9.11,-0.5));
#2436 = CIRCLE('',#2437,4.);
#2437 = AXIS2_PLACEMENT_3D('',#2438,#2439,#2440);
#2438 = CARTESIAN_POINT('',(6.26,5.11,-0.5));
#2439 = DIRECTION('',(0.,0.,-1.));
#2440 = DIRECTION('',(2.22044604925E-16,1.,0.));
#2441 = ORIENTED_EDGE('',*,*,#2442,.T.);
#2442 = EDGE_CURVE('',#2434,#1243,#2443,.T.);
#2443 = CIRCLE('',#2444,4.);
#2444 = AXIS2_PLACEMENT_3D('',#2445,#2446,#2447);
#2445 = CARTESIAN_POINT('',(6.26,5.11,-0.5));
#2446 = DIRECTION('',(0.,0.,-1.));
#2447 = DIRECTION('',(2.22044604925E-16,1.,0.));
#2448 = FACE_BOUND('',#2449,.F.);
#2449 = EDGE_LOOP('',(#2450,#2461,#2470,#2479));
#2450 = ORIENTED_EDGE('',*,*,#2451,.F.);
#2451 = EDGE_CURVE('',#2452,#2454,#2456,.T.);
#2452 = VERTEX_POINT('',#2453);
#2453 = CARTESIAN_POINT('',(6.26,6.21,-0.5));
#2454 = VERTEX_POINT('',#2455);
#2455 = CARTESIAN_POINT('',(7.359988636305,5.105,-0.5));
#2456 = CIRCLE('',#2457,1.1);
#2457 = AXIS2_PLACEMENT_3D('',#2458,#2459,#2460);
#2458 = CARTESIAN_POINT('',(6.26,5.11,-0.5));
#2459 = DIRECTION('',(0.,0.,-1.));
#2460 = DIRECTION('',(2.22044604925E-16,1.,0.));
#2461 = ORIENTED_EDGE('',*,*,#2462,.F.);
#2462 = EDGE_CURVE('',#2463,#2452,#2465,.T.);
#2463 = VERTEX_POINT('',#2464);
#2464 = CARTESIAN_POINT('',(5.160011363695,5.105,-0.5));
#2465 = CIRCLE('',#2466,1.1);
#2466 = AXIS2_PLACEMENT_3D('',#2467,#2468,#2469);
#2467 = CARTESIAN_POINT('',(6.26,5.11,-0.5));
#2468 = DIRECTION('',(0.,0.,-1.));
#2469 = DIRECTION('',(2.22044604925E-16,1.,0.));
#2470 = ORIENTED_EDGE('',*,*,#2471,.F.);
#2471 = EDGE_CURVE('',#2472,#2463,#2474,.T.);
#2472 = VERTEX_POINT('',#2473);
#2473 = CARTESIAN_POINT('',(7.36,5.1,-0.5));
#2474 = CIRCLE('',#2475,1.1);
#2475 = AXIS2_PLACEMENT_3D('',#2476,#2477,#2478);
#2476 = CARTESIAN_POINT('',(6.26,5.1,-0.5));
#2477 = DIRECTION('',(0.,0.,-1.));
#2478 = DIRECTION('',(1.,0.,0.));
#2479 = ORIENTED_EDGE('',*,*,#2480,.F.);
#2480 = EDGE_CURVE('',#2454,#2472,#2481,.T.);
#2481 = CIRCLE('',#2482,1.1);
#2482 = AXIS2_PLACEMENT_3D('',#2483,#2484,#2485);
#2483 = CARTESIAN_POINT('',(6.26,5.1,-0.5));
#2484 = DIRECTION('',(0.,0.,-1.));
#2485 = DIRECTION('',(1.,0.,0.));
#2486 = PLANE('',#2487);
#2487 = AXIS2_PLACEMENT_3D('',#2488,#2489,#2490);
#2488 = CARTESIAN_POINT('',(6.26,5.11,-0.5));
#2489 = DIRECTION('',(0.,0.,-1.));
#2490 = DIRECTION('',(2.22044604925E-16,1.,0.));
#2491 = ADVANCED_FACE('',(#2492),#2511,.T.);
#2492 = FACE_BOUND('',#2493,.T.);
#2493 = EDGE_LOOP('',(#2494,#2503,#2509,#2510));
#2494 = ORIENTED_EDGE('',*,*,#2495,.F.);
#2495 = EDGE_CURVE('',#2496,#1235,#2498,.T.);
#2496 = VERTEX_POINT('',#2497);
#2497 = CARTESIAN_POINT('',(6.26,9.11,-4.7));
#2498 = CIRCLE('',#2499,4.);
#2499 = AXIS2_PLACEMENT_3D('',#2500,#2501,#2502);
#2500 = CARTESIAN_POINT('',(6.26,5.11,-4.7));
#2501 = DIRECTION('',(0.,0.,-1.));
#2502 = DIRECTION('',(2.22044604925E-16,1.,0.));
#2503 = ORIENTED_EDGE('',*,*,#2504,.F.);
#2504 = EDGE_CURVE('',#2434,#2496,#2505,.T.);
#2505 = LINE('',#2506,#2507);
#2506 = CARTESIAN_POINT('',(6.26,9.11,-0.5));
#2507 = VECTOR('',#2508,1.);
#2508 = DIRECTION('',(0.,0.,-1.));
#2509 = ORIENTED_EDGE('',*,*,#2442,.T.);
#2510 = ORIENTED_EDGE('',*,*,#1242,.T.);
#2511 = CYLINDRICAL_SURFACE('',#2512,4.);
#2512 = AXIS2_PLACEMENT_3D('',#2513,#2514,#2515);
#2513 = CARTESIAN_POINT('',(6.26,5.11,-0.5));
#2514 = DIRECTION('',(0.,0.,-1.));
#2515 = DIRECTION('',(2.22044604925E-16,1.,0.));
#2516 = ADVANCED_FACE('',(#2517),#2627,.T.);
#2517 = FACE_BOUND('',#2518,.T.);
#2518 = EDGE_LOOP('',(#2519,#2529,#2536,#2537,#2538,#2547,#2554,#2555,
    #2561,#2562,#2569,#2570,#2579,#2587,#2595,#2604,#2612,#2621));
#2519 = ORIENTED_EDGE('',*,*,#2520,.F.);
#2520 = EDGE_CURVE('',#2521,#2523,#2525,.T.);
#2521 = VERTEX_POINT('',#2522);
#2522 = CARTESIAN_POINT('',(2.7,6.933842098428,-4.7));
#2523 = VERTEX_POINT('',#2524);
#2524 = CARTESIAN_POINT('',(2.7,20.35,-4.7));
#2525 = LINE('',#2526,#2527);
#2526 = CARTESIAN_POINT('',(2.7,1.25,-4.7));
#2527 = VECTOR('',#2528,1.);
#2528 = DIRECTION('',(0.,1.,0.));
#2529 = ORIENTED_EDGE('',*,*,#2530,.T.);
#2530 = EDGE_CURVE('',#2521,#2496,#2531,.T.);
#2531 = CIRCLE('',#2532,4.);
#2532 = AXIS2_PLACEMENT_3D('',#2533,#2534,#2535);
#2533 = CARTESIAN_POINT('',(6.26,5.11,-4.7));
#2534 = DIRECTION('',(0.,0.,-1.));
#2535 = DIRECTION('',(2.22044604925E-16,1.,0.));
#2536 = ORIENTED_EDGE('',*,*,#2495,.T.);
#2537 = ORIENTED_EDGE('',*,*,#1234,.T.);
#2538 = ORIENTED_EDGE('',*,*,#2539,.T.);
#2539 = EDGE_CURVE('',#1227,#2540,#2542,.T.);
#2540 = VERTEX_POINT('',#2541);
#2541 = CARTESIAN_POINT('',(64.26,9.11,-4.7));
#2542 = CIRCLE('',#2543,4.);
#2543 = AXIS2_PLACEMENT_3D('',#2544,#2545,#2546);
#2544 = CARTESIAN_POINT('',(64.26,5.11,-4.7));
#2545 = DIRECTION('',(0.,0.,-1.));
#2546 = DIRECTION('',(2.22044604925E-16,1.,0.));
#2547 = ORIENTED_EDGE('',*,*,#2548,.T.);
#2548 = EDGE_CURVE('',#2540,#1203,#2549,.T.);
#2549 = CIRCLE('',#2550,4.);
#2550 = AXIS2_PLACEMENT_3D('',#2551,#2552,#2553);
#2551 = CARTESIAN_POINT('',(64.26,5.11,-4.7));
#2552 = DIRECTION('',(0.,0.,-1.));
#2553 = DIRECTION('',(2.22044604925E-16,1.,0.));
#2554 = ORIENTED_EDGE('',*,*,#1202,.T.);
#2555 = ORIENTED_EDGE('',*,*,#2556,.T.);
#2556 = EDGE_CURVE('',#1195,#1739,#2557,.T.);
#2557 = LINE('',#2558,#2559);
#2558 = CARTESIAN_POINT('',(75.,29.925,-4.7));
#2559 = VECTOR('',#2560,1.);
#2560 = DIRECTION('',(0.,1.,0.));
#2561 = ORIENTED_EDGE('',*,*,#1746,.F.);
#2562 = ORIENTED_EDGE('',*,*,#2563,.T.);
#2563 = EDGE_CURVE('',#1747,#1771,#2564,.T.);
#2564 = CIRCLE('',#2565,4.);
#2565 = AXIS2_PLACEMENT_3D('',#2566,#2567,#2568);
#2566 = CARTESIAN_POINT('',(64.26,54.11,-4.7));
#2567 = DIRECTION('',(0.,0.,-1.));
#2568 = DIRECTION('',(2.22044604925E-16,1.,0.));
#2569 = ORIENTED_EDGE('',*,*,#1778,.F.);
#2570 = ORIENTED_EDGE('',*,*,#2571,.T.);
#2571 = EDGE_CURVE('',#1779,#2572,#2574,.T.);
#2572 = VERTEX_POINT('',#2573);
#2573 = CARTESIAN_POINT('',(2.7,52.286157901572,-4.7));
#2574 = CIRCLE('',#2575,4.);
#2575 = AXIS2_PLACEMENT_3D('',#2576,#2577,#2578);
#2576 = CARTESIAN_POINT('',(6.26,54.11,-4.7));
#2577 = DIRECTION('',(0.,0.,-1.));
#2578 = DIRECTION('',(2.22044604925E-16,1.,0.));
#2579 = ORIENTED_EDGE('',*,*,#2580,.F.);
#2580 = EDGE_CURVE('',#2581,#2572,#2583,.T.);
#2581 = VERTEX_POINT('',#2582);
#2582 = CARTESIAN_POINT('',(2.7,39.35,-4.7));
#2583 = LINE('',#2584,#2585);
#2584 = CARTESIAN_POINT('',(2.7,1.25,-4.7));
#2585 = VECTOR('',#2586,1.);
#2586 = DIRECTION('',(0.,1.,0.));
#2587 = ORIENTED_EDGE('',*,*,#2588,.F.);
#2588 = EDGE_CURVE('',#2589,#2581,#2591,.T.);
#2589 = VERTEX_POINT('',#2590);
#2590 = CARTESIAN_POINT('',(4.7,39.35,-4.7));
#2591 = LINE('',#2592,#2593);
#2592 = CARTESIAN_POINT('',(-7.4,39.35,-4.7));
#2593 = VECTOR('',#2594,1.);
#2594 = DIRECTION('',(-1.,0.,0.));
#2595 = ORIENTED_EDGE('',*,*,#2596,.F.);
#2596 = EDGE_CURVE('',#2597,#2589,#2599,.T.);
#2597 = VERTEX_POINT('',#2598);
#2598 = CARTESIAN_POINT('',(6.7,37.35,-4.7));
#2599 = CIRCLE('',#2600,2.);
#2600 = AXIS2_PLACEMENT_3D('',#2601,#2602,#2603);
#2601 = CARTESIAN_POINT('',(4.7,37.35,-4.7));
#2602 = DIRECTION('',(0.,0.,1.));
#2603 = DIRECTION('',(1.,0.,0.));
#2604 = ORIENTED_EDGE('',*,*,#2605,.F.);
#2605 = EDGE_CURVE('',#2606,#2597,#2608,.T.);
#2606 = VERTEX_POINT('',#2607);
#2607 = CARTESIAN_POINT('',(6.7,22.35,-4.7));
#2608 = LINE('',#2609,#2610);
#2609 = CARTESIAN_POINT('',(6.7,10.925,-4.7));
#2610 = VECTOR('',#2611,1.);
#2611 = DIRECTION('',(0.,1.,0.));
#2612 = ORIENTED_EDGE('',*,*,#2613,.F.);
#2613 = EDGE_CURVE('',#2614,#2606,#2616,.T.);
#2614 = VERTEX_POINT('',#2615);
#2615 = CARTESIAN_POINT('',(4.7,20.35,-4.7));
#2616 = CIRCLE('',#2617,2.);
#2617 = AXIS2_PLACEMENT_3D('',#2618,#2619,#2620);
#2618 = CARTESIAN_POINT('',(4.7,22.35,-4.7));
#2619 = DIRECTION('',(0.,0.,1.));
#2620 = DIRECTION('',(1.,0.,0.));
#2621 = ORIENTED_EDGE('',*,*,#2622,.T.);
#2622 = EDGE_CURVE('',#2614,#2523,#2623,.T.);
#2623 = LINE('',#2624,#2625);
#2624 = CARTESIAN_POINT('',(-7.4,20.35,-4.7));
#2625 = VECTOR('',#2626,1.);
#2626 = DIRECTION('',(-1.,0.,0.));
#2627 = PLANE('',#2628);
#2628 = AXIS2_PLACEMENT_3D('',#2629,#2630,#2631);
#2629 = CARTESIAN_POINT('',(-17.5,1.5,-4.7));
#2630 = DIRECTION('',(0.,0.,1.));
#2631 = DIRECTION('',(1.,0.,0.));
#2632 = ADVANCED_FACE('',(#2633),#2652,.T.);
#2633 = FACE_BOUND('',#2634,.T.);
#2634 = EDGE_LOOP('',(#2635,#2643,#2644,#2645));
#2635 = ORIENTED_EDGE('',*,*,#2636,.T.);
#2636 = EDGE_CURVE('',#2637,#2540,#2639,.T.);
#2637 = VERTEX_POINT('',#2638);
#2638 = CARTESIAN_POINT('',(64.26,9.11,-0.5));
#2639 = LINE('',#2640,#2641);
#2640 = CARTESIAN_POINT('',(64.26,9.11,-0.5));
#2641 = VECTOR('',#2642,1.);
#2642 = DIRECTION('',(0.,0.,-1.));
#2643 = ORIENTED_EDGE('',*,*,#2539,.F.);
#2644 = ORIENTED_EDGE('',*,*,#1226,.F.);
#2645 = ORIENTED_EDGE('',*,*,#2646,.T.);
#2646 = EDGE_CURVE('',#1219,#2637,#2647,.T.);
#2647 = CIRCLE('',#2648,4.);
#2648 = AXIS2_PLACEMENT_3D('',#2649,#2650,#2651);
#2649 = CARTESIAN_POINT('',(64.26,5.11,-0.5));
#2650 = DIRECTION('',(0.,0.,-1.));
#2651 = DIRECTION('',(2.22044604925E-16,1.,0.));
#2652 = CYLINDRICAL_SURFACE('',#2653,4.);
#2653 = AXIS2_PLACEMENT_3D('',#2654,#2655,#2656);
#2654 = CARTESIAN_POINT('',(64.26,5.11,-0.5));
#2655 = DIRECTION('',(0.,0.,-1.));
#2656 = DIRECTION('',(2.22044604925E-16,1.,0.));
#2657 = ADVANCED_FACE('',(#2658,#2669),#2707,.F.);
#2658 = FACE_BOUND('',#2659,.F.);
#2659 = EDGE_LOOP('',(#2660,#2661,#2668));
#2660 = ORIENTED_EDGE('',*,*,#2646,.T.);
#2661 = ORIENTED_EDGE('',*,*,#2662,.T.);
#2662 = EDGE_CURVE('',#2637,#1211,#2663,.T.);
#2663 = CIRCLE('',#2664,4.);
#2664 = AXIS2_PLACEMENT_3D('',#2665,#2666,#2667);
#2665 = CARTESIAN_POINT('',(64.26,5.11,-0.5));
#2666 = DIRECTION('',(0.,0.,-1.));
#2667 = DIRECTION('',(2.22044604925E-16,1.,0.));
#2668 = ORIENTED_EDGE('',*,*,#1218,.F.);
#2669 = FACE_BOUND('',#2670,.F.);
#2670 = EDGE_LOOP('',(#2671,#2682,#2691,#2700));
#2671 = ORIENTED_EDGE('',*,*,#2672,.F.);
#2672 = EDGE_CURVE('',#2673,#2675,#2677,.T.);
#2673 = VERTEX_POINT('',#2674);
#2674 = CARTESIAN_POINT('',(64.26,6.21,-0.5));
#2675 = VERTEX_POINT('',#2676);
#2676 = CARTESIAN_POINT('',(65.359988636305,5.104999999992,-0.5));
#2677 = CIRCLE('',#2678,1.1);
#2678 = AXIS2_PLACEMENT_3D('',#2679,#2680,#2681);
#2679 = CARTESIAN_POINT('',(64.26,5.11,-0.5));
#2680 = DIRECTION('',(0.,0.,-1.));
#2681 = DIRECTION('',(2.22044604925E-16,1.,0.));
#2682 = ORIENTED_EDGE('',*,*,#2683,.F.);
#2683 = EDGE_CURVE('',#2684,#2673,#2686,.T.);
#2684 = VERTEX_POINT('',#2685);
#2685 = CARTESIAN_POINT('',(63.160011363695,5.104999999992,-0.5));
#2686 = CIRCLE('',#2687,1.1);
#2687 = AXIS2_PLACEMENT_3D('',#2688,#2689,#2690);
#2688 = CARTESIAN_POINT('',(64.26,5.11,-0.5));
#2689 = DIRECTION('',(0.,0.,-1.));
#2690 = DIRECTION('',(2.22044604925E-16,1.,0.));
#2691 = ORIENTED_EDGE('',*,*,#2692,.F.);
#2692 = EDGE_CURVE('',#2693,#2684,#2695,.T.);
#2693 = VERTEX_POINT('',#2694);
#2694 = CARTESIAN_POINT('',(65.36,5.1,-0.5));
#2695 = CIRCLE('',#2696,1.1);
#2696 = AXIS2_PLACEMENT_3D('',#2697,#2698,#2699);
#2697 = CARTESIAN_POINT('',(64.26,5.1,-0.5));
#2698 = DIRECTION('',(0.,0.,-1.));
#2699 = DIRECTION('',(1.,0.,0.));
#2700 = ORIENTED_EDGE('',*,*,#2701,.F.);
#2701 = EDGE_CURVE('',#2675,#2693,#2702,.T.);
#2702 = CIRCLE('',#2703,1.1);
#2703 = AXIS2_PLACEMENT_3D('',#2704,#2705,#2706);
#2704 = CARTESIAN_POINT('',(64.26,5.1,-0.5));
#2705 = DIRECTION('',(0.,0.,-1.));
#2706 = DIRECTION('',(1.,0.,0.));
#2707 = PLANE('',#2708);
#2708 = AXIS2_PLACEMENT_3D('',#2709,#2710,#2711);
#2709 = CARTESIAN_POINT('',(64.26,5.11,-0.5));
#2710 = DIRECTION('',(0.,0.,-1.));
#2711 = DIRECTION('',(2.22044604925E-16,1.,0.));
#2712 = ADVANCED_FACE('',(#2713),#2719,.T.);
#2713 = FACE_BOUND('',#2714,.T.);
#2714 = EDGE_LOOP('',(#2715,#2716,#2717,#2718));
#2715 = ORIENTED_EDGE('',*,*,#2548,.F.);
#2716 = ORIENTED_EDGE('',*,*,#2636,.F.);
#2717 = ORIENTED_EDGE('',*,*,#2662,.T.);
#2718 = ORIENTED_EDGE('',*,*,#1210,.T.);
#2719 = CYLINDRICAL_SURFACE('',#2720,4.);
#2720 = AXIS2_PLACEMENT_3D('',#2721,#2722,#2723);
#2721 = CARTESIAN_POINT('',(64.26,5.11,-0.5));
#2722 = DIRECTION('',(0.,0.,-1.));
#2723 = DIRECTION('',(2.22044604925E-16,1.,0.));
#2724 = ADVANCED_FACE('',(#2725),#2736,.T.);
#2725 = FACE_BOUND('',#2726,.T.);
#2726 = EDGE_LOOP('',(#2727,#2733,#2734,#2735));
#2727 = ORIENTED_EDGE('',*,*,#2728,.F.);
#2728 = EDGE_CURVE('',#1731,#1187,#2729,.T.);
#2729 = LINE('',#2730,#2731);
#2730 = CARTESIAN_POINT('',(75.,58.35,-3.4));
#2731 = VECTOR('',#2732,1.);
#2732 = DIRECTION('',(1.2E-16,-1.,0.));
#2733 = ORIENTED_EDGE('',*,*,#1738,.T.);
#2734 = ORIENTED_EDGE('',*,*,#2556,.F.);
#2735 = ORIENTED_EDGE('',*,*,#1194,.F.);
#2736 = PLANE('',#2737);
#2737 = AXIS2_PLACEMENT_3D('',#2738,#2739,#2740);
#2738 = CARTESIAN_POINT('',(75.,58.35,-5.));
#2739 = DIRECTION('',(-1.,0.,0.));
#2740 = DIRECTION('',(0.,0.,1.));
#2741 = ADVANCED_FACE('',(#2742),#2753,.T.);
#2742 = FACE_BOUND('',#2743,.F.);
#2743 = EDGE_LOOP('',(#2744,#2745,#2751,#2752));
#2744 = ORIENTED_EDGE('',*,*,#1730,.T.);
#2745 = ORIENTED_EDGE('',*,*,#2746,.T.);
#2746 = EDGE_CURVE('',#1723,#1179,#2747,.T.);
#2747 = LINE('',#2748,#2749);
#2748 = CARTESIAN_POINT('',(76.,58.35,-2.4));
#2749 = VECTOR('',#2750,1.);
#2750 = DIRECTION('',(1.2E-16,-1.,0.));
#2751 = ORIENTED_EDGE('',*,*,#1186,.F.);
#2752 = ORIENTED_EDGE('',*,*,#2728,.F.);
#2753 = PLANE('',#2754);
#2754 = AXIS2_PLACEMENT_3D('',#2755,#2756,#2757);
#2755 = CARTESIAN_POINT('',(75.5,58.35,-2.9));
#2756 = DIRECTION('',(-0.707106781187,0.,0.707106781187));
#2757 = DIRECTION('',(-6.E-17,1.,-6.E-17));
#2758 = ADVANCED_FACE('',(#2759),#2767,.T.);
#2759 = FACE_BOUND('',#2760,.T.);
#2760 = EDGE_LOOP('',(#2761,#2762,#2763,#2764,#2765,#2766));
#2761 = ORIENTED_EDGE('',*,*,#1722,.T.);
#2762 = ORIENTED_EDGE('',*,*,#2746,.T.);
#2763 = ORIENTED_EDGE('',*,*,#1178,.F.);
#2764 = ORIENTED_EDGE('',*,*,#1280,.T.);
#2765 = ORIENTED_EDGE('',*,*,#2353,.T.);
#2766 = ORIENTED_EDGE('',*,*,#1660,.T.);
#2767 = PLANE('',#2768);
#2768 = AXIS2_PLACEMENT_3D('',#2769,#2770,#2771);
#2769 = CARTESIAN_POINT('',(89.,58.35,-2.4));
#2770 = DIRECTION('',(0.,0.,1.));
#2771 = DIRECTION('',(-1.,0.,0.));
#2772 = ADVANCED_FACE('',(#2773),#2819,.T.);
#2773 = FACE_BOUND('',#2774,.T.);
#2774 = EDGE_LOOP('',(#2775,#2776,#2777,#2783,#2784,#2790,#2796,#2804,
    #2812,#2818));
#2775 = ORIENTED_EDGE('',*,*,#1353,.F.);
#2776 = ORIENTED_EDGE('',*,*,#1144,.T.);
#2777 = ORIENTED_EDGE('',*,*,#2778,.T.);
#2778 = EDGE_CURVE('',#1137,#2399,#2779,.T.);
#2779 = LINE('',#2780,#2781);
#2780 = CARTESIAN_POINT('',(2.7,1.45,-0.5));
#2781 = VECTOR('',#2782,1.);
#2782 = DIRECTION('',(0.,1.,0.));
#2783 = ORIENTED_EDGE('',*,*,#2425,.F.);
#2784 = ORIENTED_EDGE('',*,*,#2785,.T.);
#2785 = EDGE_CURVE('',#2426,#2023,#2786,.T.);
#2786 = LINE('',#2787,#2788);
#2787 = CARTESIAN_POINT('',(2.7,1.45,-0.5));
#2788 = VECTOR('',#2789,1.);
#2789 = DIRECTION('',(0.,1.,0.));
#2790 = ORIENTED_EDGE('',*,*,#2791,.T.);
#2791 = EDGE_CURVE('',#2023,#1957,#2792,.T.);
#2792 = LINE('',#2793,#2794);
#2793 = CARTESIAN_POINT('',(2.7,23.35,-0.5));
#2794 = VECTOR('',#2795,1.);
#2795 = DIRECTION('',(0.,1.,0.));
#2796 = ORIENTED_EDGE('',*,*,#2797,.T.);
#2797 = EDGE_CURVE('',#1957,#2798,#2800,.T.);
#2798 = VERTEX_POINT('',#2799);
#2799 = CARTESIAN_POINT('',(2.7,52.286157901572,-0.5));
#2800 = LINE('',#2801,#2802);
#2801 = CARTESIAN_POINT('',(2.7,1.45,-0.5));
#2802 = VECTOR('',#2803,1.);
#2803 = DIRECTION('',(0.,1.,0.));
#2804 = ORIENTED_EDGE('',*,*,#2805,.F.);
#2805 = EDGE_CURVE('',#2806,#2798,#2808,.T.);
#2806 = VERTEX_POINT('',#2807);
#2807 = CARTESIAN_POINT('',(2.7,55.933842098428,-0.5));
#2808 = LINE('',#2809,#2810);
#2809 = CARTESIAN_POINT('',(2.7,27.555,-0.5));
#2810 = VECTOR('',#2811,1.);
#2811 = DIRECTION('',(0.,-1.,0.));
#2812 = ORIENTED_EDGE('',*,*,#2813,.T.);
#2813 = EDGE_CURVE('',#2806,#1703,#2814,.T.);
#2814 = LINE('',#2815,#2816);
#2815 = CARTESIAN_POINT('',(2.7,1.45,-0.5));
#2816 = VECTOR('',#2817,1.);
#2817 = DIRECTION('',(0.,1.,0.));
#2818 = ORIENTED_EDGE('',*,*,#1710,.F.);
#2819 = PLANE('',#2820);
#2820 = AXIS2_PLACEMENT_3D('',#2821,#2822,#2823);
#2821 = CARTESIAN_POINT('',(2.7,1.,-5.));
#2822 = DIRECTION('',(1.,0.,0.));
#2823 = DIRECTION('',(0.,0.,1.));
#2824 = ADVANCED_FACE('',(#2825),#2831,.T.);
#2825 = FACE_BOUND('',#2826,.T.);
#2826 = EDGE_LOOP('',(#2827,#2828,#2829,#2830));
#2827 = ORIENTED_EDGE('',*,*,#2778,.F.);
#2828 = ORIENTED_EDGE('',*,*,#1136,.T.);
#2829 = ORIENTED_EDGE('',*,*,#2374,.T.);
#2830 = ORIENTED_EDGE('',*,*,#2398,.F.);
#2831 = PLANE('',#2832);
#2832 = AXIS2_PLACEMENT_3D('',#2833,#2834,#2835);
#2833 = CARTESIAN_POINT('',(2.7,1.,-5.));
#2834 = DIRECTION('',(1.,0.,0.));
#2835 = DIRECTION('',(0.,0.,1.));
#2836 = ADVANCED_FACE('',(#2837),#2848,.F.);
#2837 = FACE_BOUND('',#2838,.F.);
#2838 = EDGE_LOOP('',(#2839,#2840,#2841,#2847));
#2839 = ORIENTED_EDGE('',*,*,#1323,.F.);
#2840 = ORIENTED_EDGE('',*,*,#1299,.T.);
#2841 = ORIENTED_EDGE('',*,*,#2842,.T.);
#2842 = EDGE_CURVE('',#1300,#1436,#2843,.T.);
#2843 = LINE('',#2844,#2845);
#2844 = CARTESIAN_POINT('',(-7.,1.45,0.4));
#2845 = VECTOR('',#2846,1.);
#2846 = DIRECTION('',(0.,1.,0.));
#2847 = ORIENTED_EDGE('',*,*,#1435,.F.);
#2848 = PLANE('',#2849);
#2849 = AXIS2_PLACEMENT_3D('',#2850,#2851,#2852);
#2850 = CARTESIAN_POINT('',(-7.,1.45,0.4));
#2851 = DIRECTION('',(1.,0.,0.));
#2852 = DIRECTION('',(0.,0.,1.));
#2853 = ADVANCED_FACE('',(#2854),#2866,.T.);
#2854 = FACE_BOUND('',#2855,.T.);
#2855 = EDGE_LOOP('',(#2856,#2862,#2863,#2864,#2865));
#2856 = ORIENTED_EDGE('',*,*,#2857,.F.);
#2857 = EDGE_CURVE('',#1405,#1444,#2858,.T.);
#2858 = LINE('',#2859,#2860);
#2859 = CARTESIAN_POINT('',(-13.5,1.45,0.4));
#2860 = VECTOR('',#2861,1.);
#2861 = DIRECTION('',(0.,1.,0.));
#2862 = ORIENTED_EDGE('',*,*,#1404,.T.);
#2863 = ORIENTED_EDGE('',*,*,#1380,.T.);
#2864 = ORIENTED_EDGE('',*,*,#2842,.T.);
#2865 = ORIENTED_EDGE('',*,*,#1443,.F.);
#2866 = PLANE('',#2867);
#2867 = AXIS2_PLACEMENT_3D('',#2868,#2869,#2870);
#2868 = CARTESIAN_POINT('',(-13.5,1.45,0.4));
#2869 = DIRECTION('',(0.,0.,1.));
#2870 = DIRECTION('',(1.,0.,0.));
#2871 = ADVANCED_FACE('',(#2872),#2885,.T.);
#2872 = FACE_BOUND('',#2873,.T.);
#2873 = EDGE_LOOP('',(#2874,#2875,#2876,#2882,#2883,#2884));
#2874 = ORIENTED_EDGE('',*,*,#1531,.T.);
#2875 = ORIENTED_EDGE('',*,*,#1420,.T.);
#2876 = ORIENTED_EDGE('',*,*,#2877,.T.);
#2877 = EDGE_CURVE('',#1413,#1452,#2878,.T.);
#2878 = LINE('',#2879,#2880);
#2879 = CARTESIAN_POINT('',(-13.5,1.225,-0.4));
#2880 = VECTOR('',#2881,1.);
#2881 = DIRECTION('',(0.,1.,0.));
#2882 = ORIENTED_EDGE('',*,*,#1459,.F.);
#2883 = ORIENTED_EDGE('',*,*,#1489,.T.);
#2884 = ORIENTED_EDGE('',*,*,#1516,.T.);
#2885 = PLANE('',#2886);
#2886 = AXIS2_PLACEMENT_3D('',#2887,#2888,#2889);
#2887 = CARTESIAN_POINT('',(-18.,1.,-0.4));
#2888 = DIRECTION('',(0.,0.,1.));
#2889 = DIRECTION('',(1.,0.,0.));
#2890 = ADVANCED_FACE('',(#2891),#2897,.F.);
#2891 = FACE_BOUND('',#2892,.F.);
#2892 = EDGE_LOOP('',(#2893,#2894,#2895,#2896));
#2893 = ORIENTED_EDGE('',*,*,#2857,.F.);
#2894 = ORIENTED_EDGE('',*,*,#1412,.T.);
#2895 = ORIENTED_EDGE('',*,*,#2877,.T.);
#2896 = ORIENTED_EDGE('',*,*,#1451,.F.);
#2897 = PLANE('',#2898);
#2898 = AXIS2_PLACEMENT_3D('',#2899,#2900,#2901);
#2899 = CARTESIAN_POINT('',(-13.5,1.45,-0.5));
#2900 = DIRECTION('',(1.,0.,0.));
#2901 = DIRECTION('',(0.,0.,1.));
#2902 = ADVANCED_FACE('',(#2903),#2921,.T.);
#2903 = FACE_BOUND('',#2904,.T.);
#2904 = EDGE_LOOP('',(#2905,#2906,#2914));
#2905 = ORIENTED_EDGE('',*,*,#1692,.F.);
#2906 = ORIENTED_EDGE('',*,*,#2907,.F.);
#2907 = EDGE_CURVE('',#2908,#1693,#2910,.T.);
#2908 = VERTEX_POINT('',#2909);
#2909 = CARTESIAN_POINT('',(2.7,55.933842098428,-4.7));
#2910 = LINE('',#2911,#2912);
#2911 = CARTESIAN_POINT('',(2.7,1.25,-4.7));
#2912 = VECTOR('',#2913,1.);
#2913 = DIRECTION('',(0.,1.,0.));
#2914 = ORIENTED_EDGE('',*,*,#2915,.T.);
#2915 = EDGE_CURVE('',#2908,#1695,#2916,.T.);
#2916 = CIRCLE('',#2917,4.);
#2917 = AXIS2_PLACEMENT_3D('',#2918,#2919,#2920);
#2918 = CARTESIAN_POINT('',(6.26,54.11,-4.7));
#2919 = DIRECTION('',(0.,0.,-1.));
#2920 = DIRECTION('',(2.22044604925E-16,1.,0.));
#2921 = PLANE('',#2922);
#2922 = AXIS2_PLACEMENT_3D('',#2923,#2924,#2925);
#2923 = CARTESIAN_POINT('',(-17.5,1.5,-4.7));
#2924 = DIRECTION('',(0.,0.,1.));
#2925 = DIRECTION('',(1.,0.,0.));
#2926 = ADVANCED_FACE('',(#2927),#2944,.T.);
#2927 = FACE_BOUND('',#2928,.T.);
#2928 = EDGE_LOOP('',(#2929,#2930,#2936,#2943));
#2929 = ORIENTED_EDGE('',*,*,#2915,.F.);
#2930 = ORIENTED_EDGE('',*,*,#2931,.F.);
#2931 = EDGE_CURVE('',#2806,#2908,#2932,.T.);
#2932 = LINE('',#2933,#2934);
#2933 = CARTESIAN_POINT('',(2.7,55.933842098428,-0.5));
#2934 = VECTOR('',#2935,1.);
#2935 = DIRECTION('',(0.,0.,-1.));
#2936 = ORIENTED_EDGE('',*,*,#2937,.T.);
#2937 = EDGE_CURVE('',#2806,#1795,#2938,.T.);
#2938 = CIRCLE('',#2939,4.);
#2939 = AXIS2_PLACEMENT_3D('',#2940,#2941,#2942);
#2940 = CARTESIAN_POINT('',(6.26,54.11,-0.5));
#2941 = DIRECTION('',(0.,0.,-1.));
#2942 = DIRECTION('',(2.22044604925E-16,1.,0.));
#2943 = ORIENTED_EDGE('',*,*,#1802,.T.);
#2944 = CYLINDRICAL_SURFACE('',#2945,4.);
#2945 = AXIS2_PLACEMENT_3D('',#2946,#2947,#2948);
#2946 = CARTESIAN_POINT('',(6.26,54.11,-0.5));
#2947 = DIRECTION('',(0.,0.,-1.));
#2948 = DIRECTION('',(2.22044604925E-16,1.,0.));
#2949 = ADVANCED_FACE('',(#2950,#2962),#3000,.F.);
#2950 = FACE_BOUND('',#2951,.F.);
#2951 = EDGE_LOOP('',(#2952,#2953,#2954,#2961));
#2952 = ORIENTED_EDGE('',*,*,#2937,.T.);
#2953 = ORIENTED_EDGE('',*,*,#1794,.T.);
#2954 = ORIENTED_EDGE('',*,*,#2955,.T.);
#2955 = EDGE_CURVE('',#1787,#2798,#2956,.T.);
#2956 = CIRCLE('',#2957,4.);
#2957 = AXIS2_PLACEMENT_3D('',#2958,#2959,#2960);
#2958 = CARTESIAN_POINT('',(6.26,54.11,-0.5));
#2959 = DIRECTION('',(0.,0.,-1.));
#2960 = DIRECTION('',(2.22044604925E-16,1.,0.));
#2961 = ORIENTED_EDGE('',*,*,#2805,.F.);
#2962 = FACE_BOUND('',#2963,.F.);
#2963 = EDGE_LOOP('',(#2964,#2975,#2984,#2993));
#2964 = ORIENTED_EDGE('',*,*,#2965,.F.);
#2965 = EDGE_CURVE('',#2966,#2968,#2970,.T.);
#2966 = VERTEX_POINT('',#2967);
#2967 = CARTESIAN_POINT('',(6.26,55.21,-0.5));
#2968 = VERTEX_POINT('',#2969);
#2969 = CARTESIAN_POINT('',(7.359988636305,54.105000000037,-0.5));
#2970 = CIRCLE('',#2971,1.1);
#2971 = AXIS2_PLACEMENT_3D('',#2972,#2973,#2974);
#2972 = CARTESIAN_POINT('',(6.26,54.11,-0.5));
#2973 = DIRECTION('',(0.,0.,-1.));
#2974 = DIRECTION('',(2.22044604925E-16,1.,0.));
#2975 = ORIENTED_EDGE('',*,*,#2976,.F.);
#2976 = EDGE_CURVE('',#2977,#2966,#2979,.T.);
#2977 = VERTEX_POINT('',#2978);
#2978 = CARTESIAN_POINT('',(5.160011363695,54.105000000037,-0.5));
#2979 = CIRCLE('',#2980,1.1);
#2980 = AXIS2_PLACEMENT_3D('',#2981,#2982,#2983);
#2981 = CARTESIAN_POINT('',(6.26,54.11,-0.5));
#2982 = DIRECTION('',(0.,0.,-1.));
#2983 = DIRECTION('',(2.22044604925E-16,1.,0.));
#2984 = ORIENTED_EDGE('',*,*,#2985,.F.);
#2985 = EDGE_CURVE('',#2986,#2977,#2988,.T.);
#2986 = VERTEX_POINT('',#2987);
#2987 = CARTESIAN_POINT('',(7.36,54.1,-0.5));
#2988 = CIRCLE('',#2989,1.1);
#2989 = AXIS2_PLACEMENT_3D('',#2990,#2991,#2992);
#2990 = CARTESIAN_POINT('',(6.26,54.1,-0.5));
#2991 = DIRECTION('',(0.,0.,-1.));
#2992 = DIRECTION('',(1.,0.,0.));
#2993 = ORIENTED_EDGE('',*,*,#2994,.F.);
#2994 = EDGE_CURVE('',#2968,#2986,#2995,.T.);
#2995 = CIRCLE('',#2996,1.1);
#2996 = AXIS2_PLACEMENT_3D('',#2997,#2998,#2999);
#2997 = CARTESIAN_POINT('',(6.26,54.1,-0.5));
#2998 = DIRECTION('',(0.,0.,-1.));
#2999 = DIRECTION('',(1.,0.,0.));
#3000 = PLANE('',#3001);
#3001 = AXIS2_PLACEMENT_3D('',#3002,#3003,#3004);
#3002 = CARTESIAN_POINT('',(6.26,54.11,-0.5));
#3003 = DIRECTION('',(0.,0.,-1.));
#3004 = DIRECTION('',(2.22044604925E-16,1.,0.));
#3005 = ADVANCED_FACE('',(#3006),#3017,.T.);
#3006 = FACE_BOUND('',#3007,.T.);
#3007 = EDGE_LOOP('',(#3008,#3009,#3010,#3011));
#3008 = ORIENTED_EDGE('',*,*,#2571,.F.);
#3009 = ORIENTED_EDGE('',*,*,#1786,.F.);
#3010 = ORIENTED_EDGE('',*,*,#2955,.T.);
#3011 = ORIENTED_EDGE('',*,*,#3012,.T.);
#3012 = EDGE_CURVE('',#2798,#2572,#3013,.T.);
#3013 = LINE('',#3014,#3015);
#3014 = CARTESIAN_POINT('',(2.7,52.286157901572,-0.5));
#3015 = VECTOR('',#3016,1.);
#3016 = DIRECTION('',(0.,0.,-1.));
#3017 = CYLINDRICAL_SURFACE('',#3018,4.);
#3018 = AXIS2_PLACEMENT_3D('',#3019,#3020,#3021);
#3019 = CARTESIAN_POINT('',(6.26,54.11,-0.5));
#3020 = DIRECTION('',(0.,0.,-1.));
#3021 = DIRECTION('',(2.22044604925E-16,1.,0.));
#3022 = ADVANCED_FACE('',(#3023),#3035,.T.);
#3023 = FACE_BOUND('',#3024,.T.);
#3024 = EDGE_LOOP('',(#3025,#3026,#3027,#3034));
#3025 = ORIENTED_EDGE('',*,*,#2563,.F.);
#3026 = ORIENTED_EDGE('',*,*,#1754,.F.);
#3027 = ORIENTED_EDGE('',*,*,#3028,.T.);
#3028 = EDGE_CURVE('',#1755,#1763,#3029,.T.);
#3029 = CIRCLE('',#3030,4.);
#3030 = AXIS2_PLACEMENT_3D('',#3031,#3032,#3033);
#3031 = CARTESIAN_POINT('',(64.26,54.11,-0.5));
#3032 = DIRECTION('',(0.,0.,-1.));
#3033 = DIRECTION('',(2.22044604925E-16,1.,0.));
#3034 = ORIENTED_EDGE('',*,*,#1770,.T.);
#3035 = CYLINDRICAL_SURFACE('',#3036,4.);
#3036 = AXIS2_PLACEMENT_3D('',#3037,#3038,#3039);
#3037 = CARTESIAN_POINT('',(64.26,54.11,-0.5));
#3038 = DIRECTION('',(0.,0.,-1.));
#3039 = DIRECTION('',(2.22044604925E-16,1.,0.));
#3040 = ADVANCED_FACE('',(#3041,#3045),#3083,.F.);
#3041 = FACE_BOUND('',#3042,.F.);
#3042 = EDGE_LOOP('',(#3043,#3044));
#3043 = ORIENTED_EDGE('',*,*,#1762,.T.);
#3044 = ORIENTED_EDGE('',*,*,#3028,.T.);
#3045 = FACE_BOUND('',#3046,.F.);
#3046 = EDGE_LOOP('',(#3047,#3058,#3067,#3076));
#3047 = ORIENTED_EDGE('',*,*,#3048,.F.);
#3048 = EDGE_CURVE('',#3049,#3051,#3053,.T.);
#3049 = VERTEX_POINT('',#3050);
#3050 = CARTESIAN_POINT('',(64.26,55.21,-0.5));
#3051 = VERTEX_POINT('',#3052);
#3052 = CARTESIAN_POINT('',(65.359988636305,54.105000000083,-0.5));
#3053 = CIRCLE('',#3054,1.1);
#3054 = AXIS2_PLACEMENT_3D('',#3055,#3056,#3057);
#3055 = CARTESIAN_POINT('',(64.26,54.11,-0.5));
#3056 = DIRECTION('',(0.,0.,-1.));
#3057 = DIRECTION('',(2.22044604925E-16,1.,0.));
#3058 = ORIENTED_EDGE('',*,*,#3059,.F.);
#3059 = EDGE_CURVE('',#3060,#3049,#3062,.T.);
#3060 = VERTEX_POINT('',#3061);
#3061 = CARTESIAN_POINT('',(63.160011363695,54.105000000083,-0.5));
#3062 = CIRCLE('',#3063,1.1);
#3063 = AXIS2_PLACEMENT_3D('',#3064,#3065,#3066);
#3064 = CARTESIAN_POINT('',(64.26,54.11,-0.5));
#3065 = DIRECTION('',(0.,0.,-1.));
#3066 = DIRECTION('',(2.22044604925E-16,1.,0.));
#3067 = ORIENTED_EDGE('',*,*,#3068,.F.);
#3068 = EDGE_CURVE('',#3069,#3060,#3071,.T.);
#3069 = VERTEX_POINT('',#3070);
#3070 = CARTESIAN_POINT('',(65.36,54.1,-0.5));
#3071 = CIRCLE('',#3072,1.1);
#3072 = AXIS2_PLACEMENT_3D('',#3073,#3074,#3075);
#3073 = CARTESIAN_POINT('',(64.26,54.1,-0.5));
#3074 = DIRECTION('',(0.,0.,-1.));
#3075 = DIRECTION('',(1.,0.,0.));
#3076 = ORIENTED_EDGE('',*,*,#3077,.F.);
#3077 = EDGE_CURVE('',#3051,#3069,#3078,.T.);
#3078 = CIRCLE('',#3079,1.1);
#3079 = AXIS2_PLACEMENT_3D('',#3080,#3081,#3082);
#3080 = CARTESIAN_POINT('',(64.26,54.1,-0.5));
#3081 = DIRECTION('',(0.,0.,-1.));
#3082 = DIRECTION('',(1.,0.,0.));
#3083 = PLANE('',#3084);
#3084 = AXIS2_PLACEMENT_3D('',#3085,#3086,#3087);
#3085 = CARTESIAN_POINT('',(64.26,54.11,-0.5));
#3086 = DIRECTION('',(0.,0.,-1.));
#3087 = DIRECTION('',(2.22044604925E-16,1.,0.));
#3088 = ADVANCED_FACE('',(#3089),#3095,.T.);
#3089 = FACE_BOUND('',#3090,.T.);
#3090 = EDGE_LOOP('',(#3091,#3092,#3093,#3094));
#3091 = ORIENTED_EDGE('',*,*,#1702,.F.);
#3092 = ORIENTED_EDGE('',*,*,#2813,.F.);
#3093 = ORIENTED_EDGE('',*,*,#2931,.T.);
#3094 = ORIENTED_EDGE('',*,*,#2907,.T.);
#3095 = PLANE('',#3096);
#3096 = AXIS2_PLACEMENT_3D('',#3097,#3098,#3099);
#3097 = CARTESIAN_POINT('',(2.7,1.,-5.));
#3098 = DIRECTION('',(1.,0.,0.));
#3099 = DIRECTION('',(0.,0.,1.));
#3100 = ADVANCED_FACE('',(#3101),#3104,.F.);
#3101 = FACE_BOUND('',#3102,.T.);
#3102 = EDGE_LOOP('',(#3103));
#3103 = ORIENTED_EDGE('',*,*,#1825,.F.);
#3104 = PLANE('',#3105);
#3105 = AXIS2_PLACEMENT_3D('',#3106,#3107,#3108);
#3106 = CARTESIAN_POINT('',(-12.,7.,-5.5));
#3107 = DIRECTION('',(0.,0.,1.));
#3108 = DIRECTION('',(1.,0.,0.));
#3109 = ADVANCED_FACE('',(#3110,#3113),#3124,.F.);
#3110 = FACE_BOUND('',#3111,.F.);
#3111 = EDGE_LOOP('',(#3112));
#3112 = ORIENTED_EDGE('',*,*,#1849,.T.);
#3113 = FACE_BOUND('',#3114,.F.);
#3114 = EDGE_LOOP('',(#3115));
#3115 = ORIENTED_EDGE('',*,*,#3116,.F.);
#3116 = EDGE_CURVE('',#3117,#3117,#3119,.T.);
#3117 = VERTEX_POINT('',#3118);
#3118 = CARTESIAN_POINT('',(7.36,5.1,-4.9));
#3119 = CIRCLE('',#3120,1.1);
#3120 = AXIS2_PLACEMENT_3D('',#3121,#3122,#3123);
#3121 = CARTESIAN_POINT('',(6.26,5.1,-4.9));
#3122 = DIRECTION('',(0.,0.,1.));
#3123 = DIRECTION('',(1.,0.,0.));
#3124 = PLANE('',#3125);
#3125 = AXIS2_PLACEMENT_3D('',#3126,#3127,#3128);
#3126 = CARTESIAN_POINT('',(6.26,5.1,-4.9));
#3127 = DIRECTION('',(0.,0.,1.));
#3128 = DIRECTION('',(1.,0.,0.));
#3129 = ADVANCED_FACE('',(#3130,#3133),#3144,.F.);
#3130 = FACE_BOUND('',#3131,.F.);
#3131 = EDGE_LOOP('',(#3132));
#3132 = ORIENTED_EDGE('',*,*,#1874,.T.);
#3133 = FACE_BOUND('',#3134,.F.);
#3134 = EDGE_LOOP('',(#3135));
#3135 = ORIENTED_EDGE('',*,*,#3136,.F.);
#3136 = EDGE_CURVE('',#3137,#3137,#3139,.T.);
#3137 = VERTEX_POINT('',#3138);
#3138 = CARTESIAN_POINT('',(65.36,5.1,-4.9));
#3139 = CIRCLE('',#3140,1.1);
#3140 = AXIS2_PLACEMENT_3D('',#3141,#3142,#3143);
#3141 = CARTESIAN_POINT('',(64.26,5.1,-4.9));
#3142 = DIRECTION('',(0.,0.,1.));
#3143 = DIRECTION('',(1.,0.,0.));
#3144 = PLANE('',#3145);
#3145 = AXIS2_PLACEMENT_3D('',#3146,#3147,#3148);
#3146 = CARTESIAN_POINT('',(64.26,5.1,-4.9));
#3147 = DIRECTION('',(0.,0.,1.));
#3148 = DIRECTION('',(1.,0.,0.));
#3149 = ADVANCED_FACE('',(#3150),#3153,.F.);
#3150 = FACE_BOUND('',#3151,.T.);
#3151 = EDGE_LOOP('',(#3152));
#3152 = ORIENTED_EDGE('',*,*,#1900,.F.);
#3153 = PLANE('',#3154);
#3154 = AXIS2_PLACEMENT_3D('',#3155,#3156,#3157);
#3155 = CARTESIAN_POINT('',(82.,7.,-5.5));
#3156 = DIRECTION('',(0.,0.,1.));
#3157 = DIRECTION('',(1.,0.,0.));
#3158 = ADVANCED_FACE('',(#3159),#3170,.F.);
#3159 = FACE_BOUND('',#3160,.F.);
#3160 = EDGE_LOOP('',(#3161,#3167,#3168,#3169));
#3161 = ORIENTED_EDGE('',*,*,#3162,.F.);
#3162 = EDGE_CURVE('',#2039,#1973,#3163,.T.);
#3163 = LINE('',#3164,#3165);
#3164 = CARTESIAN_POINT('',(2.7,1.25,-4.7));
#3165 = VECTOR('',#3166,1.);
#3166 = DIRECTION('',(0.,1.,0.));
#3167 = ORIENTED_EDGE('',*,*,#2046,.F.);
#3168 = ORIENTED_EDGE('',*,*,#1916,.T.);
#3169 = ORIENTED_EDGE('',*,*,#1980,.T.);
#3170 = PLANE('',#3171);
#3171 = AXIS2_PLACEMENT_3D('',#3172,#3173,#3174);
#3172 = CARTESIAN_POINT('',(2.7,23.35,-7.));
#3173 = DIRECTION('',(1.,0.,0.));
#3174 = DIRECTION('',(0.,0.,1.));
#3175 = ADVANCED_FACE('',(#3176),#3187,.F.);
#3176 = FACE_BOUND('',#3177,.F.);
#3177 = EDGE_LOOP('',(#3178,#3179,#3180,#3181));
#3178 = ORIENTED_EDGE('',*,*,#2038,.F.);
#3179 = ORIENTED_EDGE('',*,*,#3162,.T.);
#3180 = ORIENTED_EDGE('',*,*,#1972,.T.);
#3181 = ORIENTED_EDGE('',*,*,#3182,.F.);
#3182 = EDGE_CURVE('',#2031,#1965,#3183,.T.);
#3183 = LINE('',#3184,#3185);
#3184 = CARTESIAN_POINT('',(2.7,20.35,-2.4));
#3185 = VECTOR('',#3186,1.);
#3186 = DIRECTION('',(0.,1.,0.));
#3187 = PLANE('',#3188);
#3188 = AXIS2_PLACEMENT_3D('',#3189,#3190,#3191);
#3189 = CARTESIAN_POINT('',(2.7,20.35,-4.9));
#3190 = DIRECTION('',(1.,0.,0.));
#3191 = DIRECTION('',(0.,0.,1.));
#3192 = ADVANCED_FACE('',(#3193),#3213,.T.);
#3193 = FACE_BOUND('',#3194,.T.);
#3194 = EDGE_LOOP('',(#3195,#3196,#3197,#3205,#3211,#3212));
#3195 = ORIENTED_EDGE('',*,*,#2797,.F.);
#3196 = ORIENTED_EDGE('',*,*,#1964,.F.);
#3197 = ORIENTED_EDGE('',*,*,#3198,.T.);
#3198 = EDGE_CURVE('',#1965,#3199,#3201,.T.);
#3199 = VERTEX_POINT('',#3200);
#3200 = CARTESIAN_POINT('',(2.7,39.35,-2.4));
#3201 = LINE('',#3202,#3203);
#3202 = CARTESIAN_POINT('',(2.7,20.35,-2.4));
#3203 = VECTOR('',#3204,1.);
#3204 = DIRECTION('',(0.,1.,0.));
#3205 = ORIENTED_EDGE('',*,*,#3206,.F.);
#3206 = EDGE_CURVE('',#2581,#3199,#3207,.T.);
#3207 = LINE('',#3208,#3209);
#3208 = CARTESIAN_POINT('',(2.7,39.35,-4.9));
#3209 = VECTOR('',#3210,1.);
#3210 = DIRECTION('',(0.,0.,1.));
#3211 = ORIENTED_EDGE('',*,*,#2580,.T.);
#3212 = ORIENTED_EDGE('',*,*,#3012,.F.);
#3213 = PLANE('',#3214);
#3214 = AXIS2_PLACEMENT_3D('',#3215,#3216,#3217);
#3215 = CARTESIAN_POINT('',(2.7,1.,-5.));
#3216 = DIRECTION('',(1.,0.,0.));
#3217 = DIRECTION('',(0.,0.,1.));
#3218 = ADVANCED_FACE('',(#3219),#3225,.F.);
#3219 = FACE_BOUND('',#3220,.F.);
#3220 = EDGE_LOOP('',(#3221,#3222,#3223,#3224));
#3221 = ORIENTED_EDGE('',*,*,#1956,.F.);
#3222 = ORIENTED_EDGE('',*,*,#2006,.F.);
#3223 = ORIENTED_EDGE('',*,*,#2022,.T.);
#3224 = ORIENTED_EDGE('',*,*,#2791,.T.);
#3225 = PLANE('',#3226);
#3226 = AXIS2_PLACEMENT_3D('',#3227,#3228,#3229);
#3227 = CARTESIAN_POINT('',(-15.,23.35,-0.5));
#3228 = DIRECTION('',(0.,0.,1.));
#3229 = DIRECTION('',(1.,0.,0.));
#3230 = ADVANCED_FACE('',(#3231),#3256,.T.);
#3231 = FACE_BOUND('',#3232,.T.);
#3232 = EDGE_LOOP('',(#3233,#3234,#3240,#3241,#3249,#3255));
#3233 = ORIENTED_EDGE('',*,*,#2785,.F.);
#3234 = ORIENTED_EDGE('',*,*,#3235,.T.);
#3235 = EDGE_CURVE('',#2426,#2521,#3236,.T.);
#3236 = LINE('',#3237,#3238);
#3237 = CARTESIAN_POINT('',(2.7,6.933842098428,-0.5));
#3238 = VECTOR('',#3239,1.);
#3239 = DIRECTION('',(0.,0.,-1.));
#3240 = ORIENTED_EDGE('',*,*,#2520,.T.);
#3241 = ORIENTED_EDGE('',*,*,#3242,.T.);
#3242 = EDGE_CURVE('',#2523,#3243,#3245,.T.);
#3243 = VERTEX_POINT('',#3244);
#3244 = CARTESIAN_POINT('',(2.7,20.35,-2.4));
#3245 = LINE('',#3246,#3247);
#3246 = CARTESIAN_POINT('',(2.7,20.35,-4.9));
#3247 = VECTOR('',#3248,1.);
#3248 = DIRECTION('',(0.,0.,1.));
#3249 = ORIENTED_EDGE('',*,*,#3250,.T.);
#3250 = EDGE_CURVE('',#3243,#2031,#3251,.T.);
#3251 = LINE('',#3252,#3253);
#3252 = CARTESIAN_POINT('',(2.7,20.35,-2.4));
#3253 = VECTOR('',#3254,1.);
#3254 = DIRECTION('',(0.,1.,0.));
#3255 = ORIENTED_EDGE('',*,*,#2030,.T.);
#3256 = PLANE('',#3257);
#3257 = AXIS2_PLACEMENT_3D('',#3258,#3259,#3260);
#3258 = CARTESIAN_POINT('',(2.7,1.,-5.));
#3259 = DIRECTION('',(1.,0.,0.));
#3260 = DIRECTION('',(0.,0.,1.));
#3261 = ADVANCED_FACE('',(#3262),#3265,.F.);
#3262 = FACE_BOUND('',#3263,.T.);
#3263 = EDGE_LOOP('',(#3264));
#3264 = ORIENTED_EDGE('',*,*,#2071,.F.);
#3265 = PLANE('',#3266);
#3266 = AXIS2_PLACEMENT_3D('',#3267,#3268,#3269);
#3267 = CARTESIAN_POINT('',(-12.,52.3,-5.5));
#3268 = DIRECTION('',(0.,0.,1.));
#3269 = DIRECTION('',(1.,0.,0.));
#3270 = ADVANCED_FACE('',(#3271,#3274),#3285,.F.);
#3271 = FACE_BOUND('',#3272,.F.);
#3272 = EDGE_LOOP('',(#3273));
#3273 = ORIENTED_EDGE('',*,*,#2095,.T.);
#3274 = FACE_BOUND('',#3275,.F.);
#3275 = EDGE_LOOP('',(#3276));
#3276 = ORIENTED_EDGE('',*,*,#3277,.F.);
#3277 = EDGE_CURVE('',#3278,#3278,#3280,.T.);
#3278 = VERTEX_POINT('',#3279);
#3279 = CARTESIAN_POINT('',(7.36,54.1,-4.9));
#3280 = CIRCLE('',#3281,1.1);
#3281 = AXIS2_PLACEMENT_3D('',#3282,#3283,#3284);
#3282 = CARTESIAN_POINT('',(6.26,54.1,-4.9));
#3283 = DIRECTION('',(0.,0.,1.));
#3284 = DIRECTION('',(1.,0.,0.));
#3285 = PLANE('',#3286);
#3286 = AXIS2_PLACEMENT_3D('',#3287,#3288,#3289);
#3287 = CARTESIAN_POINT('',(6.26,54.1,-4.9));
#3288 = DIRECTION('',(0.,0.,1.));
#3289 = DIRECTION('',(1.,0.,0.));
#3290 = ADVANCED_FACE('',(#3291,#3294),#3305,.F.);
#3291 = FACE_BOUND('',#3292,.F.);
#3292 = EDGE_LOOP('',(#3293));
#3293 = ORIENTED_EDGE('',*,*,#2120,.T.);
#3294 = FACE_BOUND('',#3295,.F.);
#3295 = EDGE_LOOP('',(#3296));
#3296 = ORIENTED_EDGE('',*,*,#3297,.F.);
#3297 = EDGE_CURVE('',#3298,#3298,#3300,.T.);
#3298 = VERTEX_POINT('',#3299);
#3299 = CARTESIAN_POINT('',(65.36,54.1,-4.9));
#3300 = CIRCLE('',#3301,1.1);
#3301 = AXIS2_PLACEMENT_3D('',#3302,#3303,#3304);
#3302 = CARTESIAN_POINT('',(64.26,54.1,-4.9));
#3303 = DIRECTION('',(0.,0.,1.));
#3304 = DIRECTION('',(1.,0.,0.));
#3305 = PLANE('',#3306);
#3306 = AXIS2_PLACEMENT_3D('',#3307,#3308,#3309);
#3307 = CARTESIAN_POINT('',(64.26,54.1,-4.9));
#3308 = DIRECTION('',(0.,0.,1.));
#3309 = DIRECTION('',(1.,0.,0.));
#3310 = ADVANCED_FACE('',(#3311),#3314,.F.);
#3311 = FACE_BOUND('',#3312,.T.);
#3312 = EDGE_LOOP('',(#3313));
#3313 = ORIENTED_EDGE('',*,*,#2146,.F.);
#3314 = PLANE('',#3315);
#3315 = AXIS2_PLACEMENT_3D('',#3316,#3317,#3318);
#3316 = CARTESIAN_POINT('',(82.,52.3,-5.5));
#3317 = DIRECTION('',(0.,0.,1.));
#3318 = DIRECTION('',(1.,0.,0.));
#3319 = ADVANCED_FACE('',(#3320),#3326,.T.);
#3320 = FACE_BOUND('',#3321,.T.);
#3321 = EDGE_LOOP('',(#3322,#3323,#3324,#3325));
#3322 = ORIENTED_EDGE('',*,*,#2504,.T.);
#3323 = ORIENTED_EDGE('',*,*,#2530,.F.);
#3324 = ORIENTED_EDGE('',*,*,#3235,.F.);
#3325 = ORIENTED_EDGE('',*,*,#2433,.T.);
#3326 = CYLINDRICAL_SURFACE('',#3327,4.);
#3327 = AXIS2_PLACEMENT_3D('',#3328,#3329,#3330);
#3328 = CARTESIAN_POINT('',(6.26,5.11,-0.5));
#3329 = DIRECTION('',(0.,0.,-1.));
#3330 = DIRECTION('',(2.22044604925E-16,1.,0.));
#3331 = ADVANCED_FACE('',(#3332),#3358,.F.);
#3332 = FACE_BOUND('',#3333,.F.);
#3333 = EDGE_LOOP('',(#3334,#3345,#3351,#3352));
#3334 = ORIENTED_EDGE('',*,*,#3335,.F.);
#3335 = EDGE_CURVE('',#3336,#3338,#3340,.T.);
#3336 = VERTEX_POINT('',#3337);
#3337 = CARTESIAN_POINT('',(6.26,6.21,-4.7));
#3338 = VERTEX_POINT('',#3339);
#3339 = CARTESIAN_POINT('',(7.359988636305,5.105,-4.7));
#3340 = CIRCLE('',#3341,1.1);
#3341 = AXIS2_PLACEMENT_3D('',#3342,#3343,#3344);
#3342 = CARTESIAN_POINT('',(6.26,5.11,-4.7));
#3343 = DIRECTION('',(0.,0.,-1.));
#3344 = DIRECTION('',(2.22044604925E-16,1.,0.));
#3345 = ORIENTED_EDGE('',*,*,#3346,.F.);
#3346 = EDGE_CURVE('',#2452,#3336,#3347,.T.);
#3347 = LINE('',#3348,#3349);
#3348 = CARTESIAN_POINT('',(6.26,6.21,-0.5));
#3349 = VECTOR('',#3350,1.);
#3350 = DIRECTION('',(0.,0.,-1.));
#3351 = ORIENTED_EDGE('',*,*,#2451,.T.);
#3352 = ORIENTED_EDGE('',*,*,#3353,.T.);
#3353 = EDGE_CURVE('',#2454,#3338,#3354,.T.);
#3354 = LINE('',#3355,#3356);
#3355 = CARTESIAN_POINT('',(7.359988636305,5.105,-0.5));
#3356 = VECTOR('',#3357,1.);
#3357 = DIRECTION('',(0.,0.,-1.));
#3358 = CYLINDRICAL_SURFACE('',#3359,1.1);
#3359 = AXIS2_PLACEMENT_3D('',#3360,#3361,#3362);
#3360 = CARTESIAN_POINT('',(6.26,5.11,-0.5));
#3361 = DIRECTION('',(0.,0.,-1.));
#3362 = DIRECTION('',(2.22044604925E-16,1.,0.));
#3363 = ADVANCED_FACE('',(#3364),#3383,.F.);
#3364 = FACE_BOUND('',#3365,.F.);
#3365 = EDGE_LOOP('',(#3366,#3367,#3376,#3382));
#3366 = ORIENTED_EDGE('',*,*,#3346,.T.);
#3367 = ORIENTED_EDGE('',*,*,#3368,.F.);
#3368 = EDGE_CURVE('',#3369,#3336,#3371,.T.);
#3369 = VERTEX_POINT('',#3370);
#3370 = CARTESIAN_POINT('',(5.160011363695,5.105,-4.7));
#3371 = CIRCLE('',#3372,1.1);
#3372 = AXIS2_PLACEMENT_3D('',#3373,#3374,#3375);
#3373 = CARTESIAN_POINT('',(6.26,5.11,-4.7));
#3374 = DIRECTION('',(0.,0.,-1.));
#3375 = DIRECTION('',(2.22044604925E-16,1.,0.));
#3376 = ORIENTED_EDGE('',*,*,#3377,.F.);
#3377 = EDGE_CURVE('',#2463,#3369,#3378,.T.);
#3378 = LINE('',#3379,#3380);
#3379 = CARTESIAN_POINT('',(5.160011363695,5.105,-0.5));
#3380 = VECTOR('',#3381,1.);
#3381 = DIRECTION('',(0.,0.,-1.));
#3382 = ORIENTED_EDGE('',*,*,#2462,.T.);
#3383 = CYLINDRICAL_SURFACE('',#3384,1.1);
#3384 = AXIS2_PLACEMENT_3D('',#3385,#3386,#3387);
#3385 = CARTESIAN_POINT('',(6.26,5.11,-0.5));
#3386 = DIRECTION('',(0.,0.,-1.));
#3387 = DIRECTION('',(2.22044604925E-16,1.,0.));
#3388 = ADVANCED_FACE('',(#3389),#3410,.F.);
#3389 = FACE_BOUND('',#3390,.T.);
#3390 = EDGE_LOOP('',(#3391,#3392,#3398,#3399,#3400,#3407,#3408,#3409));
#3391 = ORIENTED_EDGE('',*,*,#3116,.F.);
#3392 = ORIENTED_EDGE('',*,*,#3393,.T.);
#3393 = EDGE_CURVE('',#3117,#2472,#3394,.T.);
#3394 = LINE('',#3395,#3396);
#3395 = CARTESIAN_POINT('',(7.36,5.1,-4.9));
#3396 = VECTOR('',#3397,1.);
#3397 = DIRECTION('',(0.,0.,1.));
#3398 = ORIENTED_EDGE('',*,*,#2480,.F.);
#3399 = ORIENTED_EDGE('',*,*,#3353,.T.);
#3400 = ORIENTED_EDGE('',*,*,#3401,.F.);
#3401 = EDGE_CURVE('',#3369,#3338,#3402,.T.);
#3402 = CIRCLE('',#3403,1.1);
#3403 = AXIS2_PLACEMENT_3D('',#3404,#3405,#3406);
#3404 = CARTESIAN_POINT('',(6.26,5.1,-4.7));
#3405 = DIRECTION('',(0.,0.,-1.));
#3406 = DIRECTION('',(1.,0.,0.));
#3407 = ORIENTED_EDGE('',*,*,#3377,.F.);
#3408 = ORIENTED_EDGE('',*,*,#2471,.F.);
#3409 = ORIENTED_EDGE('',*,*,#3393,.F.);
#3410 = CYLINDRICAL_SURFACE('',#3411,1.1);
#3411 = AXIS2_PLACEMENT_3D('',#3412,#3413,#3414);
#3412 = CARTESIAN_POINT('',(6.26,5.1,-4.9));
#3413 = DIRECTION('',(-0.,-0.,-1.));
#3414 = DIRECTION('',(1.,0.,0.));
#3415 = ADVANCED_FACE('',(#3416),#3434,.F.);
#3416 = FACE_BOUND('',#3417,.F.);
#3417 = EDGE_LOOP('',(#3418,#3426,#3427,#3428));
#3418 = ORIENTED_EDGE('',*,*,#3419,.F.);
#3419 = EDGE_CURVE('',#2614,#3420,#3422,.T.);
#3420 = VERTEX_POINT('',#3421);
#3421 = CARTESIAN_POINT('',(4.7,20.35,-2.4));
#3422 = LINE('',#3423,#3424);
#3423 = CARTESIAN_POINT('',(4.7,20.35,-4.9));
#3424 = VECTOR('',#3425,1.);
#3425 = DIRECTION('',(0.,0.,1.));
#3426 = ORIENTED_EDGE('',*,*,#2622,.T.);
#3427 = ORIENTED_EDGE('',*,*,#3242,.T.);
#3428 = ORIENTED_EDGE('',*,*,#3429,.T.);
#3429 = EDGE_CURVE('',#3243,#3420,#3430,.T.);
#3430 = LINE('',#3431,#3432);
#3431 = CARTESIAN_POINT('',(2.7,20.35,-2.4));
#3432 = VECTOR('',#3433,1.);
#3433 = DIRECTION('',(1.,0.,0.));
#3434 = PLANE('',#3435);
#3435 = AXIS2_PLACEMENT_3D('',#3436,#3437,#3438);
#3436 = CARTESIAN_POINT('',(2.7,20.35,-4.9));
#3437 = DIRECTION('',(0.,1.,0.));
#3438 = DIRECTION('',(0.,0.,1.));
#3439 = ADVANCED_FACE('',(#3440),#3459,.T.);
#3440 = FACE_BOUND('',#3441,.F.);
#3441 = EDGE_LOOP('',(#3442,#3450,#3451,#3452));
#3442 = ORIENTED_EDGE('',*,*,#3443,.F.);
#3443 = EDGE_CURVE('',#2606,#3444,#3446,.T.);
#3444 = VERTEX_POINT('',#3445);
#3445 = CARTESIAN_POINT('',(6.7,22.35,-2.4));
#3446 = LINE('',#3447,#3448);
#3447 = CARTESIAN_POINT('',(6.7,22.35,-4.9));
#3448 = VECTOR('',#3449,1.);
#3449 = DIRECTION('',(0.,0.,1.));
#3450 = ORIENTED_EDGE('',*,*,#2613,.F.);
#3451 = ORIENTED_EDGE('',*,*,#3419,.T.);
#3452 = ORIENTED_EDGE('',*,*,#3453,.F.);
#3453 = EDGE_CURVE('',#3444,#3420,#3454,.T.);
#3454 = CIRCLE('',#3455,2.);
#3455 = AXIS2_PLACEMENT_3D('',#3456,#3457,#3458);
#3456 = CARTESIAN_POINT('',(4.7,22.35,-2.4));
#3457 = DIRECTION('',(-0.,-0.,-1.));
#3458 = DIRECTION('',(0.,-1.,0.));
#3459 = CYLINDRICAL_SURFACE('',#3460,2.);
#3460 = AXIS2_PLACEMENT_3D('',#3461,#3462,#3463);
#3461 = CARTESIAN_POINT('',(4.7,22.35,-4.9));
#3462 = DIRECTION('',(0.,0.,1.));
#3463 = DIRECTION('',(1.,0.,0.));
#3464 = ADVANCED_FACE('',(#3465),#3483,.T.);
#3465 = FACE_BOUND('',#3466,.T.);
#3466 = EDGE_LOOP('',(#3467,#3475,#3476,#3477));
#3467 = ORIENTED_EDGE('',*,*,#3468,.F.);
#3468 = EDGE_CURVE('',#3444,#3469,#3471,.T.);
#3469 = VERTEX_POINT('',#3470);
#3470 = CARTESIAN_POINT('',(6.7,37.35,-2.4));
#3471 = LINE('',#3472,#3473);
#3472 = CARTESIAN_POINT('',(6.7,20.35,-2.4));
#3473 = VECTOR('',#3474,1.);
#3474 = DIRECTION('',(0.,1.,0.));
#3475 = ORIENTED_EDGE('',*,*,#3443,.F.);
#3476 = ORIENTED_EDGE('',*,*,#2605,.T.);
#3477 = ORIENTED_EDGE('',*,*,#3478,.T.);
#3478 = EDGE_CURVE('',#2597,#3469,#3479,.T.);
#3479 = LINE('',#3480,#3481);
#3480 = CARTESIAN_POINT('',(6.7,37.35,-4.9));
#3481 = VECTOR('',#3482,1.);
#3482 = DIRECTION('',(0.,0.,1.));
#3483 = PLANE('',#3484);
#3484 = AXIS2_PLACEMENT_3D('',#3485,#3486,#3487);
#3485 = CARTESIAN_POINT('',(6.7,20.35,-4.9));
#3486 = DIRECTION('',(1.,0.,0.));
#3487 = DIRECTION('',(0.,0.,1.));
#3488 = ADVANCED_FACE('',(#3489),#3508,.T.);
#3489 = FACE_BOUND('',#3490,.T.);
#3490 = EDGE_LOOP('',(#3491,#3492,#3493,#3501));
#3491 = ORIENTED_EDGE('',*,*,#3478,.F.);
#3492 = ORIENTED_EDGE('',*,*,#2596,.T.);
#3493 = ORIENTED_EDGE('',*,*,#3494,.T.);
#3494 = EDGE_CURVE('',#2589,#3495,#3497,.T.);
#3495 = VERTEX_POINT('',#3496);
#3496 = CARTESIAN_POINT('',(4.7,39.35,-2.4));
#3497 = LINE('',#3498,#3499);
#3498 = CARTESIAN_POINT('',(4.7,39.35,-4.9));
#3499 = VECTOR('',#3500,1.);
#3500 = DIRECTION('',(0.,0.,1.));
#3501 = ORIENTED_EDGE('',*,*,#3502,.F.);
#3502 = EDGE_CURVE('',#3469,#3495,#3503,.T.);
#3503 = CIRCLE('',#3504,2.);
#3504 = AXIS2_PLACEMENT_3D('',#3505,#3506,#3507);
#3505 = CARTESIAN_POINT('',(4.7,37.35,-2.4));
#3506 = DIRECTION('',(-0.,0.,1.));
#3507 = DIRECTION('',(0.,-1.,0.));
#3508 = CYLINDRICAL_SURFACE('',#3509,2.);
#3509 = AXIS2_PLACEMENT_3D('',#3510,#3511,#3512);
#3510 = CARTESIAN_POINT('',(4.7,37.35,-4.9));
#3511 = DIRECTION('',(0.,0.,1.));
#3512 = DIRECTION('',(1.,0.,0.));
#3513 = ADVANCED_FACE('',(#3514),#3525,.T.);
#3514 = FACE_BOUND('',#3515,.T.);
#3515 = EDGE_LOOP('',(#3516,#3517,#3518,#3519));
#3516 = ORIENTED_EDGE('',*,*,#3494,.F.);
#3517 = ORIENTED_EDGE('',*,*,#2588,.T.);
#3518 = ORIENTED_EDGE('',*,*,#3206,.T.);
#3519 = ORIENTED_EDGE('',*,*,#3520,.T.);
#3520 = EDGE_CURVE('',#3199,#3495,#3521,.T.);
#3521 = LINE('',#3522,#3523);
#3522 = CARTESIAN_POINT('',(2.7,39.35,-2.4));
#3523 = VECTOR('',#3524,1.);
#3524 = DIRECTION('',(1.,0.,0.));
#3525 = PLANE('',#3526);
#3526 = AXIS2_PLACEMENT_3D('',#3527,#3528,#3529);
#3527 = CARTESIAN_POINT('',(2.7,39.35,-4.9));
#3528 = DIRECTION('',(0.,1.,0.));
#3529 = DIRECTION('',(0.,0.,1.));
#3530 = ADVANCED_FACE('',(#3531),#3557,.F.);
#3531 = FACE_BOUND('',#3532,.F.);
#3532 = EDGE_LOOP('',(#3533,#3544,#3550,#3551));
#3533 = ORIENTED_EDGE('',*,*,#3534,.F.);
#3534 = EDGE_CURVE('',#3535,#3537,#3539,.T.);
#3535 = VERTEX_POINT('',#3536);
#3536 = CARTESIAN_POINT('',(64.26,6.21,-4.7));
#3537 = VERTEX_POINT('',#3538);
#3538 = CARTESIAN_POINT('',(65.359988636305,5.104999999992,-4.7));
#3539 = CIRCLE('',#3540,1.1);
#3540 = AXIS2_PLACEMENT_3D('',#3541,#3542,#3543);
#3541 = CARTESIAN_POINT('',(64.26,5.11,-4.7));
#3542 = DIRECTION('',(0.,0.,-1.));
#3543 = DIRECTION('',(2.22044604925E-16,1.,0.));
#3544 = ORIENTED_EDGE('',*,*,#3545,.F.);
#3545 = EDGE_CURVE('',#2673,#3535,#3546,.T.);
#3546 = LINE('',#3547,#3548);
#3547 = CARTESIAN_POINT('',(64.26,6.21,-0.5));
#3548 = VECTOR('',#3549,1.);
#3549 = DIRECTION('',(0.,0.,-1.));
#3550 = ORIENTED_EDGE('',*,*,#2672,.T.);
#3551 = ORIENTED_EDGE('',*,*,#3552,.T.);
#3552 = EDGE_CURVE('',#2675,#3537,#3553,.T.);
#3553 = LINE('',#3554,#3555);
#3554 = CARTESIAN_POINT('',(65.359988636305,5.105,-0.5));
#3555 = VECTOR('',#3556,1.);
#3556 = DIRECTION('',(0.,0.,-1.));
#3557 = CYLINDRICAL_SURFACE('',#3558,1.1);
#3558 = AXIS2_PLACEMENT_3D('',#3559,#3560,#3561);
#3559 = CARTESIAN_POINT('',(64.26,5.11,-0.5));
#3560 = DIRECTION('',(0.,0.,-1.));
#3561 = DIRECTION('',(2.22044604925E-16,1.,0.));
#3562 = ADVANCED_FACE('',(#3563),#3591,.F.);
#3563 = FACE_BOUND('',#3564,.T.);
#3564 = EDGE_LOOP('',(#3565,#3566,#3572,#3573,#3574,#3583,#3589,#3590));
#3565 = ORIENTED_EDGE('',*,*,#3136,.F.);
#3566 = ORIENTED_EDGE('',*,*,#3567,.T.);
#3567 = EDGE_CURVE('',#3137,#2693,#3568,.T.);
#3568 = LINE('',#3569,#3570);
#3569 = CARTESIAN_POINT('',(65.36,5.1,-4.9));
#3570 = VECTOR('',#3571,1.);
#3571 = DIRECTION('',(0.,0.,1.));
#3572 = ORIENTED_EDGE('',*,*,#2701,.F.);
#3573 = ORIENTED_EDGE('',*,*,#3552,.T.);
#3574 = ORIENTED_EDGE('',*,*,#3575,.F.);
#3575 = EDGE_CURVE('',#3576,#3537,#3578,.T.);
#3576 = VERTEX_POINT('',#3577);
#3577 = CARTESIAN_POINT('',(63.160011363695,5.104999999992,-4.7));
#3578 = CIRCLE('',#3579,1.1);
#3579 = AXIS2_PLACEMENT_3D('',#3580,#3581,#3582);
#3580 = CARTESIAN_POINT('',(64.26,5.1,-4.7));
#3581 = DIRECTION('',(0.,0.,-1.));
#3582 = DIRECTION('',(1.,0.,0.));
#3583 = ORIENTED_EDGE('',*,*,#3584,.F.);
#3584 = EDGE_CURVE('',#2684,#3576,#3585,.T.);
#3585 = LINE('',#3586,#3587);
#3586 = CARTESIAN_POINT('',(63.160011363695,5.105,-0.5));
#3587 = VECTOR('',#3588,1.);
#3588 = DIRECTION('',(0.,0.,-1.));
#3589 = ORIENTED_EDGE('',*,*,#2692,.F.);
#3590 = ORIENTED_EDGE('',*,*,#3567,.F.);
#3591 = CYLINDRICAL_SURFACE('',#3592,1.1);
#3592 = AXIS2_PLACEMENT_3D('',#3593,#3594,#3595);
#3593 = CARTESIAN_POINT('',(64.26,5.1,-4.9));
#3594 = DIRECTION('',(-0.,-0.,-1.));
#3595 = DIRECTION('',(1.,0.,0.));
#3596 = ADVANCED_FACE('',(#3597),#3609,.F.);
#3597 = FACE_BOUND('',#3598,.F.);
#3598 = EDGE_LOOP('',(#3599,#3600,#3607,#3608));
#3599 = ORIENTED_EDGE('',*,*,#3545,.T.);
#3600 = ORIENTED_EDGE('',*,*,#3601,.F.);
#3601 = EDGE_CURVE('',#3576,#3535,#3602,.T.);
#3602 = CIRCLE('',#3603,1.1);
#3603 = AXIS2_PLACEMENT_3D('',#3604,#3605,#3606);
#3604 = CARTESIAN_POINT('',(64.26,5.11,-4.7));
#3605 = DIRECTION('',(0.,0.,-1.));
#3606 = DIRECTION('',(2.22044604925E-16,1.,0.));
#3607 = ORIENTED_EDGE('',*,*,#3584,.F.);
#3608 = ORIENTED_EDGE('',*,*,#2683,.T.);
#3609 = CYLINDRICAL_SURFACE('',#3610,1.1);
#3610 = AXIS2_PLACEMENT_3D('',#3611,#3612,#3613);
#3611 = CARTESIAN_POINT('',(64.26,5.11,-0.5));
#3612 = DIRECTION('',(0.,0.,-1.));
#3613 = DIRECTION('',(2.22044604925E-16,1.,0.));
#3614 = ADVANCED_FACE('',(#3615),#3641,.F.);
#3615 = FACE_BOUND('',#3616,.F.);
#3616 = EDGE_LOOP('',(#3617,#3628,#3634,#3635));
#3617 = ORIENTED_EDGE('',*,*,#3618,.F.);
#3618 = EDGE_CURVE('',#3619,#3621,#3623,.T.);
#3619 = VERTEX_POINT('',#3620);
#3620 = CARTESIAN_POINT('',(6.26,55.21,-4.7));
#3621 = VERTEX_POINT('',#3622);
#3622 = CARTESIAN_POINT('',(7.359988636305,54.105000000037,-4.7));
#3623 = CIRCLE('',#3624,1.1);
#3624 = AXIS2_PLACEMENT_3D('',#3625,#3626,#3627);
#3625 = CARTESIAN_POINT('',(6.26,54.11,-4.7));
#3626 = DIRECTION('',(0.,0.,-1.));
#3627 = DIRECTION('',(2.22044604925E-16,1.,0.));
#3628 = ORIENTED_EDGE('',*,*,#3629,.F.);
#3629 = EDGE_CURVE('',#2966,#3619,#3630,.T.);
#3630 = LINE('',#3631,#3632);
#3631 = CARTESIAN_POINT('',(6.26,55.21,-0.5));
#3632 = VECTOR('',#3633,1.);
#3633 = DIRECTION('',(0.,0.,-1.));
#3634 = ORIENTED_EDGE('',*,*,#2965,.T.);
#3635 = ORIENTED_EDGE('',*,*,#3636,.T.);
#3636 = EDGE_CURVE('',#2968,#3621,#3637,.T.);
#3637 = LINE('',#3638,#3639);
#3638 = CARTESIAN_POINT('',(7.359988636305,54.105,-0.5));
#3639 = VECTOR('',#3640,1.);
#3640 = DIRECTION('',(0.,0.,-1.));
#3641 = CYLINDRICAL_SURFACE('',#3642,1.1);
#3642 = AXIS2_PLACEMENT_3D('',#3643,#3644,#3645);
#3643 = CARTESIAN_POINT('',(6.26,54.11,-0.5));
#3644 = DIRECTION('',(0.,0.,-1.));
#3645 = DIRECTION('',(2.22044604925E-16,1.,0.));
#3646 = ADVANCED_FACE('',(#3647),#3666,.F.);
#3647 = FACE_BOUND('',#3648,.F.);
#3648 = EDGE_LOOP('',(#3649,#3650,#3659,#3665));
#3649 = ORIENTED_EDGE('',*,*,#3629,.T.);
#3650 = ORIENTED_EDGE('',*,*,#3651,.F.);
#3651 = EDGE_CURVE('',#3652,#3619,#3654,.T.);
#3652 = VERTEX_POINT('',#3653);
#3653 = CARTESIAN_POINT('',(5.160011363695,54.105000000037,-4.7));
#3654 = CIRCLE('',#3655,1.1);
#3655 = AXIS2_PLACEMENT_3D('',#3656,#3657,#3658);
#3656 = CARTESIAN_POINT('',(6.26,54.11,-4.7));
#3657 = DIRECTION('',(0.,0.,-1.));
#3658 = DIRECTION('',(2.22044604925E-16,1.,0.));
#3659 = ORIENTED_EDGE('',*,*,#3660,.F.);
#3660 = EDGE_CURVE('',#2977,#3652,#3661,.T.);
#3661 = LINE('',#3662,#3663);
#3662 = CARTESIAN_POINT('',(5.160011363695,54.105,-0.5));
#3663 = VECTOR('',#3664,1.);
#3664 = DIRECTION('',(0.,0.,-1.));
#3665 = ORIENTED_EDGE('',*,*,#2976,.T.);
#3666 = CYLINDRICAL_SURFACE('',#3667,1.1);
#3667 = AXIS2_PLACEMENT_3D('',#3668,#3669,#3670);
#3668 = CARTESIAN_POINT('',(6.26,54.11,-0.5));
#3669 = DIRECTION('',(0.,0.,-1.));
#3670 = DIRECTION('',(2.22044604925E-16,1.,0.));
#3671 = ADVANCED_FACE('',(#3672),#3693,.F.);
#3672 = FACE_BOUND('',#3673,.T.);
#3673 = EDGE_LOOP('',(#3674,#3675,#3681,#3682,#3683,#3690,#3691,#3692));
#3674 = ORIENTED_EDGE('',*,*,#3277,.F.);
#3675 = ORIENTED_EDGE('',*,*,#3676,.T.);
#3676 = EDGE_CURVE('',#3278,#2986,#3677,.T.);
#3677 = LINE('',#3678,#3679);
#3678 = CARTESIAN_POINT('',(7.36,54.1,-4.9));
#3679 = VECTOR('',#3680,1.);
#3680 = DIRECTION('',(0.,0.,1.));
#3681 = ORIENTED_EDGE('',*,*,#2994,.F.);
#3682 = ORIENTED_EDGE('',*,*,#3636,.T.);
#3683 = ORIENTED_EDGE('',*,*,#3684,.F.);
#3684 = EDGE_CURVE('',#3652,#3621,#3685,.T.);
#3685 = CIRCLE('',#3686,1.1);
#3686 = AXIS2_PLACEMENT_3D('',#3687,#3688,#3689);
#3687 = CARTESIAN_POINT('',(6.26,54.1,-4.7));
#3688 = DIRECTION('',(0.,0.,-1.));
#3689 = DIRECTION('',(1.,0.,0.));
#3690 = ORIENTED_EDGE('',*,*,#3660,.F.);
#3691 = ORIENTED_EDGE('',*,*,#2985,.F.);
#3692 = ORIENTED_EDGE('',*,*,#3676,.F.);
#3693 = CYLINDRICAL_SURFACE('',#3694,1.1);
#3694 = AXIS2_PLACEMENT_3D('',#3695,#3696,#3697);
#3695 = CARTESIAN_POINT('',(6.26,54.1,-4.9));
#3696 = DIRECTION('',(-0.,-0.,-1.));
#3697 = DIRECTION('',(1.,0.,0.));
#3698 = ADVANCED_FACE('',(#3699),#3725,.F.);
#3699 = FACE_BOUND('',#3700,.F.);
#3700 = EDGE_LOOP('',(#3701,#3712,#3718,#3719));
#3701 = ORIENTED_EDGE('',*,*,#3702,.F.);
#3702 = EDGE_CURVE('',#3703,#3705,#3707,.T.);
#3703 = VERTEX_POINT('',#3704);
#3704 = CARTESIAN_POINT('',(64.26,55.21,-4.7));
#3705 = VERTEX_POINT('',#3706);
#3706 = CARTESIAN_POINT('',(65.359988636305,54.105000000083,-4.7));
#3707 = CIRCLE('',#3708,1.1);
#3708 = AXIS2_PLACEMENT_3D('',#3709,#3710,#3711);
#3709 = CARTESIAN_POINT('',(64.26,54.11,-4.7));
#3710 = DIRECTION('',(0.,0.,-1.));
#3711 = DIRECTION('',(2.22044604925E-16,1.,0.));
#3712 = ORIENTED_EDGE('',*,*,#3713,.F.);
#3713 = EDGE_CURVE('',#3049,#3703,#3714,.T.);
#3714 = LINE('',#3715,#3716);
#3715 = CARTESIAN_POINT('',(64.26,55.21,-0.5));
#3716 = VECTOR('',#3717,1.);
#3717 = DIRECTION('',(0.,0.,-1.));
#3718 = ORIENTED_EDGE('',*,*,#3048,.T.);
#3719 = ORIENTED_EDGE('',*,*,#3720,.T.);
#3720 = EDGE_CURVE('',#3051,#3705,#3721,.T.);
#3721 = LINE('',#3722,#3723);
#3722 = CARTESIAN_POINT('',(65.359988636305,54.105,-0.5));
#3723 = VECTOR('',#3724,1.);
#3724 = DIRECTION('',(0.,0.,-1.));
#3725 = CYLINDRICAL_SURFACE('',#3726,1.1);
#3726 = AXIS2_PLACEMENT_3D('',#3727,#3728,#3729);
#3727 = CARTESIAN_POINT('',(64.26,54.11,-0.5));
#3728 = DIRECTION('',(0.,0.,-1.));
#3729 = DIRECTION('',(2.22044604925E-16,1.,0.));
#3730 = ADVANCED_FACE('',(#3731),#3759,.F.);
#3731 = FACE_BOUND('',#3732,.T.);
#3732 = EDGE_LOOP('',(#3733,#3734,#3740,#3741,#3742,#3751,#3757,#3758));
#3733 = ORIENTED_EDGE('',*,*,#3297,.F.);
#3734 = ORIENTED_EDGE('',*,*,#3735,.T.);
#3735 = EDGE_CURVE('',#3298,#3069,#3736,.T.);
#3736 = LINE('',#3737,#3738);
#3737 = CARTESIAN_POINT('',(65.36,54.1,-4.9));
#3738 = VECTOR('',#3739,1.);
#3739 = DIRECTION('',(0.,0.,1.));
#3740 = ORIENTED_EDGE('',*,*,#3077,.F.);
#3741 = ORIENTED_EDGE('',*,*,#3720,.T.);
#3742 = ORIENTED_EDGE('',*,*,#3743,.F.);
#3743 = EDGE_CURVE('',#3744,#3705,#3746,.T.);
#3744 = VERTEX_POINT('',#3745);
#3745 = CARTESIAN_POINT('',(63.160011363695,54.105000000083,-4.7));
#3746 = CIRCLE('',#3747,1.1);
#3747 = AXIS2_PLACEMENT_3D('',#3748,#3749,#3750);
#3748 = CARTESIAN_POINT('',(64.26,54.1,-4.7));
#3749 = DIRECTION('',(0.,0.,-1.));
#3750 = DIRECTION('',(1.,0.,0.));
#3751 = ORIENTED_EDGE('',*,*,#3752,.F.);
#3752 = EDGE_CURVE('',#3060,#3744,#3753,.T.);
#3753 = LINE('',#3754,#3755);
#3754 = CARTESIAN_POINT('',(63.160011363695,54.105,-0.5));
#3755 = VECTOR('',#3756,1.);
#3756 = DIRECTION('',(0.,0.,-1.));
#3757 = ORIENTED_EDGE('',*,*,#3068,.F.);
#3758 = ORIENTED_EDGE('',*,*,#3735,.F.);
#3759 = CYLINDRICAL_SURFACE('',#3760,1.1);
#3760 = AXIS2_PLACEMENT_3D('',#3761,#3762,#3763);
#3761 = CARTESIAN_POINT('',(64.26,54.1,-4.9));
#3762 = DIRECTION('',(-0.,-0.,-1.));
#3763 = DIRECTION('',(1.,0.,0.));
#3764 = ADVANCED_FACE('',(#3765),#3777,.F.);
#3765 = FACE_BOUND('',#3766,.F.);
#3766 = EDGE_LOOP('',(#3767,#3768,#3775,#3776));
#3767 = ORIENTED_EDGE('',*,*,#3713,.T.);
#3768 = ORIENTED_EDGE('',*,*,#3769,.F.);
#3769 = EDGE_CURVE('',#3744,#3703,#3770,.T.);
#3770 = CIRCLE('',#3771,1.1);
#3771 = AXIS2_PLACEMENT_3D('',#3772,#3773,#3774);
#3772 = CARTESIAN_POINT('',(64.26,54.11,-4.7));
#3773 = DIRECTION('',(0.,0.,-1.));
#3774 = DIRECTION('',(2.22044604925E-16,1.,0.));
#3775 = ORIENTED_EDGE('',*,*,#3752,.F.);
#3776 = ORIENTED_EDGE('',*,*,#3059,.T.);
#3777 = CYLINDRICAL_SURFACE('',#3778,1.1);
#3778 = AXIS2_PLACEMENT_3D('',#3779,#3780,#3781);
#3779 = CARTESIAN_POINT('',(64.26,54.11,-0.5));
#3780 = DIRECTION('',(0.,0.,-1.));
#3781 = DIRECTION('',(2.22044604925E-16,1.,0.));
#3782 = ADVANCED_FACE('',(#3783),#3793,.T.);
#3783 = FACE_BOUND('',#3784,.T.);
#3784 = EDGE_LOOP('',(#3785,#3786,#3787,#3788,#3789,#3790,#3791,#3792));
#3785 = ORIENTED_EDGE('',*,*,#3520,.F.);
#3786 = ORIENTED_EDGE('',*,*,#3198,.F.);
#3787 = ORIENTED_EDGE('',*,*,#3182,.F.);
#3788 = ORIENTED_EDGE('',*,*,#3250,.F.);
#3789 = ORIENTED_EDGE('',*,*,#3429,.T.);
#3790 = ORIENTED_EDGE('',*,*,#3453,.F.);
#3791 = ORIENTED_EDGE('',*,*,#3468,.T.);
#3792 = ORIENTED_EDGE('',*,*,#3502,.T.);
#3793 = PLANE('',#3794);
#3794 = AXIS2_PLACEMENT_3D('',#3795,#3796,#3797);
#3795 = CARTESIAN_POINT('',(2.7,20.35,-2.4));
#3796 = DIRECTION('',(0.,0.,1.));
#3797 = DIRECTION('',(1.,0.,0.));
#3798 = ADVANCED_FACE('',(#3799),#3804,.T.);
#3799 = FACE_BOUND('',#3800,.T.);
#3800 = EDGE_LOOP('',(#3801,#3802,#3803));
#3801 = ORIENTED_EDGE('',*,*,#3335,.F.);
#3802 = ORIENTED_EDGE('',*,*,#3368,.F.);
#3803 = ORIENTED_EDGE('',*,*,#3401,.T.);
#3804 = PLANE('',#3805);
#3805 = AXIS2_PLACEMENT_3D('',#3806,#3807,#3808);
#3806 = CARTESIAN_POINT('',(-17.5,1.5,-4.7));
#3807 = DIRECTION('',(0.,0.,1.));
#3808 = DIRECTION('',(1.,0.,0.));
#3809 = ADVANCED_FACE('',(#3810),#3815,.T.);
#3810 = FACE_BOUND('',#3811,.T.);
#3811 = EDGE_LOOP('',(#3812,#3813,#3814));
#3812 = ORIENTED_EDGE('',*,*,#3534,.F.);
#3813 = ORIENTED_EDGE('',*,*,#3601,.F.);
#3814 = ORIENTED_EDGE('',*,*,#3575,.T.);
#3815 = PLANE('',#3816);
#3816 = AXIS2_PLACEMENT_3D('',#3817,#3818,#3819);
#3817 = CARTESIAN_POINT('',(-17.5,1.5,-4.7));
#3818 = DIRECTION('',(0.,0.,1.));
#3819 = DIRECTION('',(1.,0.,0.));
#3820 = ADVANCED_FACE('',(#3821),#3826,.T.);
#3821 = FACE_BOUND('',#3822,.T.);
#3822 = EDGE_LOOP('',(#3823,#3824,#3825));
#3823 = ORIENTED_EDGE('',*,*,#3618,.F.);
#3824 = ORIENTED_EDGE('',*,*,#3651,.F.);
#3825 = ORIENTED_EDGE('',*,*,#3684,.T.);
#3826 = PLANE('',#3827);
#3827 = AXIS2_PLACEMENT_3D('',#3828,#3829,#3830);
#3828 = CARTESIAN_POINT('',(-17.5,1.5,-4.7));
#3829 = DIRECTION('',(0.,0.,1.));
#3830 = DIRECTION('',(1.,0.,0.));
#3831 = ADVANCED_FACE('',(#3832),#3837,.T.);
#3832 = FACE_BOUND('',#3833,.T.);
#3833 = EDGE_LOOP('',(#3834,#3835,#3836));
#3834 = ORIENTED_EDGE('',*,*,#3702,.F.);
#3835 = ORIENTED_EDGE('',*,*,#3769,.F.);
#3836 = ORIENTED_EDGE('',*,*,#3743,.T.);
#3837 = PLANE('',#3838);
#3838 = AXIS2_PLACEMENT_3D('',#3839,#3840,#3841);
#3839 = CARTESIAN_POINT('',(-17.5,1.5,-4.7));
#3840 = DIRECTION('',(0.,0.,1.));
#3841 = DIRECTION('',(1.,0.,0.));
#3842 = ( GEOMETRIC_REPRESENTATION_CONTEXT(3) 
GLOBAL_UNCERTAINTY_ASSIGNED_CONTEXT((#3846)) 
GLOBAL_UNIT_ASSIGNED_CONTEXT((#3843,#3844,#3845)) REPRESENTATION_CONTEXT
('Context #1','3D Context with UNIT and UNCERTAINTY') );
#3843 = ( LENGTH_UNIT() NAMED_UNIT(*) SI_UNIT(.MILLI.,.METRE.) );
#3844 = ( NAMED_UNIT(*) PLANE_ANGLE_UNIT() SI_UNIT($,.RADIAN.) );
#3845 = ( NAMED_UNIT(*) SI_UNIT($,.STERADIAN.) SOLID_ANGLE_UNIT() );
#3846 = UNCERTAINTY_MEASURE_WITH_UNIT(LENGTH_MEASURE(5.E-05),#3843,
  'distance_accuracy_value','confusion accuracy');
#3847 = PRODUCT_RELATED_PRODUCT_CATEGORY('part',$,(#7));
#3848 = MECHANICAL_DESIGN_GEOMETRIC_PRESENTATION_REPRESENTATION('',(
    #3849),#3842);
#3849 = STYLED_ITEM('color',(#3850),#15);
#3850 = PRESENTATION_STYLE_ASSIGNMENT((#3851,#3859));
#3851 = SURFACE_STYLE_USAGE(.BOTH.,#3852);
#3852 = SURFACE_SIDE_STYLE('',(#3853,#3857));
#3853 = SURFACE_STYLE_FILL_AREA(#3854);
#3854 = FILL_AREA_STYLE('',(#3855));
#3855 = FILL_AREA_STYLE_COLOUR('',#3856);
#3856 = COLOUR_RGB('',0.,0.666666687201,1.);
#3857 = SURFACE_STYLE_RENDERING_WITH_PROPERTIES(.NORMAL_SHADING.,#3856,(
    #3858));
#3858 = SURFACE_STYLE_TRANSPARENT(0.5);
#3859 = CURVE_STYLE('',#3860,POSITIVE_LENGTH_MEASURE(0.1),#3861);
#3860 = DRAUGHTING_PRE_DEFINED_CURVE_FONT('continuous');
#3861 = COLOUR_RGB('',9.803921802644E-02,9.803921802644E-02,
  9.803921802644E-02);
ENDSEC;
END-ISO-10303-21;
